تاریخ_nav,قیمت ابطال,قیمت صدور,قیمت آماری,ارزش خالص دارایی‌ها,تعداد واحدهای سرمایه‌گذاری شده,date_greg,تاریخ_comp,پنج نماد برتر (%),سهام (%),اوراق (%),سایر (%),نقد (%),سپرده (%),gold_legs_weight_pct,legs_as_of,reconciled_total_pct,usdt_open,usdt_close,usdt_high,usdt_low
2024-12-30,10074.0,10074.0,10074.0,10074416153524,2173449990,2024-12-30,2024-12-30,0.0,0.0,0.0,0.75,0.5,98.75,98.94420000000001,2026-06-21,,,,,
2024-12-31,10044.0,10067.0,10044.0,10043664095137,2173449990,2024-12-31,2024-12-31,55.6,55.6,0.0,14.54,0.0,29.86,98.94420000000001,2026-06-21,,,,,
2025-01-01,10036.0,10067.0,10036.0,10036375681128,2173449990,2025-01-01,2025-01-01,74.55,74.55,0.0,10.51,0.0,14.94,98.94420000000001,2026-06-21,,,,,
2025-01-02,9997.0,10027.0,9997.0,9996824425729,2173449990,2025-01-02,2025-01-02,74.51,74.51,0.0,10.49,0.0,15.0,98.94420000000001,2026-06-21,,,,,
2025-01-03,9998.0,10028.0,9998.0,9997554463186,2173449990,2025-01-03,2025-01-03,74.5,74.5,0.0,10.5,0.0,15.0,98.94420000000001,2026-06-21,,,,,
2025-01-04,9837.0,9867.0,9837.0,9836879112058,2173449990,2025-01-04,2025-01-04,74.42,74.42,0.0,10.34,0.0,15.24,98.94420000000001,2026-06-21,,,,,
2025-01-05,9877.0,9907.0,9877.0,9876996985628,2173449990,2025-01-05,2025-01-05,74.53,74.53,0.0,10.29,0.0,15.18,98.94420000000001,2026-06-21,,,,,
2025-01-06,9782.0,9812.0,9782.0,9782066781898,2173449990,2025-01-06,2025-01-06,74.28,74.28,0.0,10.39,0.0,15.33,98.94420000000001,2026-06-21,,,,,
2025-01-07,9974.0,10007.0,9974.0,9973884791605,2173449990,2025-01-07,2025-01-07,84.12,84.12,0.0,0.85,0.0,15.03,98.94420000000001,2026-06-21,,,,,
2025-01-08,10030.0,10065.0,10030.0,10030042733022,2173449990,2025-01-08,2025-01-08,89.38,89.38,0.0,10.62,0.0,0.0,98.94420000000001,2026-06-21,,,,,
2025-01-09,10126.0,10162.0,10126.0,10125800289852,2173449990,2025-01-09,2025-01-09,89.48,89.48,0.0,10.52,0.0,0.0,98.94420000000001,2026-06-21,,,,,
2025-01-10,10125.0,10161.0,10125.0,10125469718366,2173449990,2025-01-10,2025-01-10,89.48,89.48,0.0,10.52,0.0,0.0,98.94420000000001,2026-06-21,,,,,
2025-01-11,10185.0,10224.0,10185.0,10184728019101,2173449990,2025-01-11,2025-01-11,98.04,98.04,0.0,1.96,0.0,0.0,98.94420000000001,2026-06-21,,,,,
2025-01-12,10122.0,10161.0,10122.0,10122032702206,2173449990,2025-01-12,2025-01-12,98.02,98.02,0.0,0.84,0.0,1.14,98.94420000000001,2026-06-21,,,,,
2025-01-13,10200.0,10239.0,10200.0,10199779873921,2173449990,2025-01-13,2025-01-13,97.89,97.89,0.0,0.05,0.0,2.06,98.94420000000001,2026-06-21,,,,,
2025-01-14,10199.0,10239.0,10199.0,10199472580253,2173449990,2025-01-14,2025-01-14,97.89,97.89,0.0,0.05,0.0,2.06,98.94420000000001,2026-06-21,,,,,
2025-01-15,10071.0,10110.0,10071.0,10070623077576,2173449990,2025-01-15,2025-01-15,97.86,97.86,0.0,0.05,0.0,2.09,98.94420000000001,2026-06-21,,,,,
2025-01-16,10028.0,10067.0,10028.0,10028154818302,2173449990,2025-01-16,2025-01-16,97.85,97.85,0.0,0.06,0.0,2.09,98.94420000000001,2026-06-21,,,,,
2025-01-17,10028.0,10067.0,10028.0,10027850451481,2173449990,2025-01-17,2025-01-17,97.85,97.85,0.0,0.06,0.0,2.09,98.94420000000001,2026-06-21,,,,,
2025-01-18,10110.0,10150.0,10110.0,10110326186805,2173449990,2025-01-18,2025-01-18,97.87,97.87,0.0,0.05,0.0,2.08,98.94420000000001,2026-06-21,,,,,
2025-01-19,10125.0,10165.0,10125.0,10125415896011,2173449990,2025-01-19,2025-01-19,97.87,97.87,0.0,0.06,0.0,2.07,98.94420000000001,2026-06-21,,,,,
2025-01-20,10059.0,10098.0,10059.0,10059469358058,2173449990,2025-01-20,2025-01-20,97.85,97.85,0.0,0.06,0.0,2.09,98.94420000000001,2026-06-21,,,,,
2025-01-21,10410.0,10451.0,10410.0,10410091113670,2173449990,2025-01-21,2025-01-21,97.92,97.92,0.0,0.06,0.0,2.02,98.94420000000001,2026-06-21,,,,,
2025-01-22,10589.0,10630.0,10589.0,10589087540744,2173449990,2025-01-22,2025-01-22,97.96,97.96,0.0,0.06,0.0,1.98,98.94420000000001,2026-06-21,,,,,
2025-01-23,10700.0,10742.0,10700.0,10700372706855,2173449990,2025-01-23,2025-01-23,97.98,97.98,0.0,0.06,0.0,1.96,98.94420000000001,2026-06-21,,,,,
2025-01-24,10700.0,10742.0,10700.0,10700058546666,2173449990,2025-01-24,2025-01-24,97.98,97.98,0.0,0.06,0.0,1.96,98.94420000000001,2026-06-21,,,,,
2025-01-25,10722.0,10764.0,10722.0,10722199023222,2173449990,2025-01-25,2025-01-25,98.0,98.0,0.0,0.06,0.0,1.94,98.94420000000001,2026-06-21,,,,,
2025-01-26,10766.0,10808.0,10766.0,10765779081558,2173449990,2025-01-26,2025-01-26,98.0,98.0,0.0,0.06,0.0,1.94,98.94420000000001,2026-06-21,,,,,
2025-01-27,10827.0,10869.0,10827.0,10827244543420,2173449990,2025-01-27,2025-01-27,98.01,98.01,0.0,0.06,0.0,1.93,98.94420000000001,2026-06-21,,,,,
2025-01-28,10827.0,10869.0,10827.0,10826923178083,2173449990,2025-01-28,2025-01-28,98.01,98.01,0.0,0.06,0.0,1.93,98.94420000000001,2026-06-21,,,,,
2025-01-29,10692.0,10733.0,10692.0,10691777596012,2173449990,2025-01-29,2025-01-29,97.99,97.99,0.0,0.25,0.0,1.76,98.94420000000001,2026-06-21,,,,,
2025-01-30,10709.0,10751.0,10709.0,10709327505501,2173449990,2025-01-30,2025-01-30,97.99,97.99,0.0,0.25,0.0,1.76,98.94420000000001,2026-06-21,,,,,
2025-01-31,10709.0,10751.0,10709.0,10708997076387,2173449990,2025-01-31,2025-01-31,97.99,97.99,0.0,0.25,0.0,1.76,98.94420000000001,2026-06-21,,,,,
2025-02-01,10918.0,10960.0,10918.0,10917535336213,2173449990,2025-02-01,2025-02-01,98.03,98.03,0.0,0.24,0.0,1.73,98.94420000000001,2026-06-21,,,,,
2025-02-02,10975.0,11018.0,10975.0,10975048328199,2173449990,2025-02-02,2025-02-02,98.04,98.04,0.0,0.24,0.0,1.72,98.94420000000001,2026-06-21,,,,,
2025-02-03,10974.0,11015.0,10974.0,10973945780385,2173449990,2025-02-03,2025-02-03,95.3,95.3,0.0,2.92,0.0,1.78,98.94420000000001,2026-06-21,,,,,
2025-02-04,11108.0,11149.0,11108.0,11107942727526,2173449990,2025-02-04,2025-02-04,95.36,95.36,0.0,0.27,0.0,4.37,98.94420000000001,2026-06-21,,,,,
2025-02-05,11482.0,11525.0,11482.0,11481962014303,2173449990,2025-02-05,2025-02-05,95.51,95.51,0.0,0.26,0.0,4.23,98.94420000000001,2026-06-21,,,,,
2025-02-06,11680.0,11724.0,11680.0,11680097481486,2173449990,2025-02-06,2025-02-06,95.58,95.58,0.0,0.27,0.0,4.15,98.94420000000001,2026-06-21,,,,,
2025-02-07,11680.0,11723.0,11680.0,11679939520926,2173449990,2025-02-07,2025-02-07,95.58,95.58,0.0,0.27,0.0,4.15,98.94420000000001,2026-06-21,,,,,
2025-02-08,11680.0,11723.0,11680.0,11679781944988,2173449990,2025-02-08,2025-02-08,95.58,95.58,0.0,0.27,0.0,4.15,98.94420000000001,2026-06-21,,,,,
2025-02-09,12198.0,12237.0,12198.0,14140570381733,2332749990,2025-02-09,2025-02-09,95.76,95.76,0.0,3.75,0.0,0.49,98.94420000000001,2026-06-21,,,,,
2025-02-10,12197.0,12236.0,12197.0,14140082933018,2332749990,2025-02-10,2025-02-10,95.76,95.76,0.0,3.75,0.0,0.49,98.94420000000001,2026-06-21,,,,,
2025-02-11,12352.0,12395.0,12352.0,14828457628295,2373969990,2025-02-11,2025-02-11,90.36,90.36,0.0,9.33,0.0,0.31,98.94420000000001,2026-06-21,,,,,
2025-02-12,12351.0,12394.0,12351.0,14827932728107,2373969990,2025-02-12,2025-02-12,90.36,90.36,0.0,9.33,0.0,0.31,98.94420000000001,2026-06-21,,,,,
2025-02-13,12721.0,12766.0,12721.0,15272257626608,2373969990,2025-02-13,2025-02-13,90.59,90.59,0.0,9.04,0.0,0.37,98.94420000000001,2026-06-21,,,,,
2025-02-14,12721.0,12765.0,12721.0,15271731990278,2373969990,2025-02-14,2025-02-14,90.59,90.59,0.0,9.04,0.0,0.37,98.94420000000001,2026-06-21,,,,,
2025-02-15,12711.0,12760.0,12711.0,15271764453934,2374869990,2025-02-15,2025-02-15,94.03,94.03,0.0,3.32,0.0,2.65,98.94420000000001,2026-06-21,,,,,
2025-02-16,12646.0,12694.0,12646.0,15192942187774,2374869990,2025-02-16,2025-02-16,94.21,94.21,0.0,3.03,0.0,2.76,98.94420000000001,2026-06-21,,,,,
2025-02-17,12630.0,12677.0,12630.0,16273023947084,2461869990,2025-02-17,2025-02-17,97.22,97.22,0.0,0.04,0.0,2.74,98.94420000000001,2026-06-21,,,,,
2025-02-18,12780.0,12830.0,12780.0,16942323188485,2499119990,2025-02-18,2025-02-18,97.38,97.38,0.0,0.03,0.0,2.59,98.94420000000001,2026-06-21,,,,,
2025-02-19,13216.0,13265.0,13216.0,18596644812462,2580619990,2025-02-19,2025-02-19,95.83,95.83,0.0,1.64,0.0,2.53,98.94420000000001,2026-06-21,,,,,
2025-02-20,13567.0,13617.0,13567.0,19090392099455,2580619990,2025-02-20,2025-02-20,95.84,95.84,0.0,1.6,0.0,2.56,98.94420000000001,2026-06-21,,,,,
2025-02-21,13566.0,13617.0,13566.0,19089876519470,2580619990,2025-02-21,2025-02-21,95.84,95.84,0.0,1.6,0.0,2.56,98.94420000000001,2026-06-21,,,,,
2025-02-22,13427.0,13477.0,13427.0,19014337375300,2589619990,2025-02-22,2025-02-22,91.84,91.84,0.0,5.77,0.0,2.39,98.94420000000001,2026-06-21,,,,,
2025-02-23,13126.0,13177.0,13126.0,19509458635961,2659823061,2025-02-23,2025-02-23,97.54,97.54,0.0,0.04,0.0,2.42,98.94420000000001,2026-06-21,,,,,
2025-02-24,13123.0,13175.0,13123.0,19685263249357,2673500656,2025-02-24,2025-02-24,95.51,95.51,0.0,2.18,0.0,2.31,98.94420000000001,2026-06-21,,,,,
2025-02-25,12837.0,12889.0,12837.0,19479196903516,2690893975,2025-02-25,2025-02-25,97.63,97.63,0.0,0.05,0.0,2.32,98.94420000000001,2026-06-21,,,,,
2025-02-26,13178.0,13232.0,13178.0,20041236997283,2694293975,2025-02-26,2025-02-26,97.68,97.68,0.0,0.04,0.0,2.28,98.94420000000001,2026-06-21,,,,,
2025-02-27,12982.0,13036.0,12982.0,19743565674257,2694293975,2025-02-27,2025-02-27,97.68,97.68,0.0,0.05,0.0,2.27,98.94420000000001,2026-06-21,,,,,
2025-02-28,12982.0,13035.0,12982.0,19742975911426,2694293975,2025-02-28,2025-02-28,97.68,97.68,0.0,0.05,0.0,2.27,98.94420000000001,2026-06-21,,,,,
2025-03-01,12501.0,12553.0,12501.0,19018883476591,2694793975,2025-03-01,2025-03-01,97.69,97.69,0.0,0.05,0.0,2.26,98.94420000000001,2026-06-21,,,,,
2025-03-02,12619.0,12668.0,12619.0,20648337703061,2809793975,2025-03-02,2025-03-02,98.96,98.96,0.0,0.05,0.0,0.99,98.94420000000001,2026-06-21,,,,,
2025-03-03,12424.0,12472.0,12424.0,21187398999294,2878793975,2025-03-03,2025-03-03,94.01,94.01,0.0,5.15,0.0,0.84,98.94420000000001,2026-06-21,,,,,
2025-03-04,12559.0,12608.0,12559.0,21456064015876,2881893975,2025-03-04,2025-03-04,92.26,92.26,0.0,6.92,0.0,0.82,98.94420000000001,2026-06-21,,,,,
2025-03-05,12368.0,12419.0,12368.0,20880085940635,2861693975,2025-03-05,2025-03-05,94.8,94.8,0.0,4.29,0.0,0.91,98.94420000000001,2026-06-21,,,,,
2025-03-06,12409.0,12460.0,12409.0,20949918756481,2861693975,2025-03-06,2025-03-06,94.81,94.81,0.0,4.28,0.0,0.91,98.94420000000001,2026-06-21,,,,,
2025-03-07,12409.0,12460.0,12409.0,20949191677842,2861693975,2025-03-07,2025-03-07,94.81,94.81,0.0,4.28,0.0,0.91,98.94420000000001,2026-06-21,,,,,
2025-03-08,12725.0,12777.0,12725.0,22193380839503,2917593975,2025-03-08,2025-03-08,98.91,98.91,0.0,0.05,0.0,1.04,98.94420000000001,2026-06-21,,,,,
2025-03-09,13096.0,13150.0,13096.0,23363616019701,2957493975,2025-03-09,2025-03-09,98.82,98.82,0.0,0.03,0.0,1.15,98.94420000000001,2026-06-21,,,,,
2025-03-10,13172.0,13227.0,13172.0,23382563927281,2948593975,2025-03-10,2025-03-10,96.6,96.6,0.0,0.03,0.0,3.37,98.94420000000001,2026-06-21,,,,,
2025-03-11,12877.0,12932.0,12877.0,22922615285155,2953543975,2025-03-11,2025-03-11,98.87,98.87,0.0,0.04,0.0,1.09,98.94420000000001,2026-06-21,,,,,
2025-03-12,12960.0,13014.0,12960.0,23237369940509,2966493975,2025-03-12,2025-03-12,98.62,98.62,0.0,0.31,0.0,1.07,98.94420000000001,2026-06-21,,,,,
2025-03-13,13180.0,13236.0,13180.0,23632296209440,2966493975,2025-03-13,2025-03-13,98.61,98.61,0.0,0.31,0.0,1.08,98.94420000000001,2026-06-21,,,,,
2025-03-14,13180.0,13235.0,13180.0,23631482259151,2966493975,2025-03-14,2025-03-14,98.61,98.61,0.0,0.31,0.0,1.08,98.94420000000001,2026-06-21,,,,,
2025-03-15,13036.0,13091.0,13036.0,23356375635077,2965093975,2025-03-15,2025-03-15,98.04,98.04,0.0,0.94,0.0,1.02,98.94420000000001,2026-06-21,,,,,
2025-03-16,13443.0,13499.0,13443.0,24154087759062,2970293975,2025-03-16,2025-03-16,98.1,98.1,0.0,0.78,0.0,1.12,98.94420000000001,2026-06-21,,,,,
2025-03-17,14108.0,14166.0,14108.0,26064513141764,3020893975,2025-03-17,2025-03-17,97.74,97.74,0.0,1.0,0.0,1.26,98.94420000000001,2026-06-21,,,,,
2025-03-20,14810.0,14866.0,14810.0,29430235374146,3020893975,2025-03-20,2025-03-20,95.49,95.49,0.0,3.29,0.0,1.22,98.94420000000001,2026-06-21,,,,,
2025-03-21,14809.0,14866.0,14809.0,29429311942356,3020893975,2025-03-21,2025-03-21,95.47,95.47,0.0,3.31,0.0,1.22,98.94420000000001,2026-06-21,,,,,
2025-03-22,14809.0,14865.0,14809.0,29428388592050,3020893975,2025-03-22,2025-03-22,95.47,95.47,0.0,3.31,0.0,1.22,98.94420000000001,2026-06-21,,,,,
2025-03-23,14809.0,14865.0,14809.0,29427465303931,3020893975,2025-03-23,2025-03-23,95.47,95.47,0.0,3.31,0.0,1.22,98.94420000000001,2026-06-21,,,,,
2025-03-24,14808.0,14865.0,14808.0,29426542078125,3020893975,2025-03-24,2025-03-24,95.47,95.47,0.0,3.31,0.0,1.22,98.94420000000001,2026-06-21,,,,,
2025-03-25,15410.0,15471.0,15410.0,30145188504767,2989893975,2025-03-25,2025-03-25,93.27,93.27,0.0,5.6,0.0,1.13,98.94420000000001,2026-06-21,,,,,
2025-03-26,15773.0,15837.0,15773.0,30409234367519,2961593975,2025-03-26,2025-03-26,93.11,93.11,0.0,5.92,0.0,0.97,98.94420000000001,2026-06-21,,,,,
2025-03-27,15896.0,15960.0,15896.0,30646309374837,2961593975,2025-03-27,2025-03-27,92.96,92.96,0.0,5.88,0.0,1.16,98.94420000000001,2026-06-21,,,,,
2025-03-28,15896.0,15960.0,15896.0,30645328026912,2961593975,2025-03-28,2025-03-28,92.96,92.96,0.0,5.88,0.0,1.16,98.94420000000001,2026-06-21,,,,,
2025-03-29,16527.0,16593.0,16527.0,32178125329402,2980693975,2025-03-29,2025-03-29,94.44,94.44,0.0,4.23,0.0,1.33,98.94420000000001,2026-06-21,,,,,
2025-03-30,16120.0,16187.0,16120.0,31135156484725,2965193975,2025-03-30,2025-03-30,96.61,96.61,0.0,2.51,0.0,0.88,98.94420000000001,2026-06-21,,,,,
2025-03-31,16123.0,16190.0,16123.0,31140642003203,2965193975,2025-03-31,2025-03-31,96.61,96.61,0.0,2.51,0.0,0.88,98.94420000000001,2026-06-21,,,,,
2025-04-01,16122.0,16189.0,16122.0,31139490145193,2965193975,2025-04-01,2025-04-01,96.61,96.61,0.0,2.51,0.0,0.88,98.94420000000001,2026-06-21,,,,,
2025-04-02,16121.0,16188.0,16121.0,31138338350512,2965193975,2025-04-02,2025-04-02,96.61,96.61,0.0,2.51,0.0,0.88,98.94420000000001,2026-06-21,,,,,
2025-04-03,16121.0,16188.0,16121.0,31137186619149,2965193975,2025-04-03,2025-04-03,96.61,96.61,0.0,2.51,0.0,0.88,98.94420000000001,2026-06-21,,,,,
2025-04-04,16120.0,16187.0,16120.0,31136034951394,2965193975,2025-04-04,2025-04-04,96.61,96.61,0.0,2.5,0.0,0.89,98.94420000000001,2026-06-21,,,,,
2025-04-05,15345.0,15411.0,15345.0,29160946653590,2933993975,2025-04-05,2025-04-05,97.57,97.57,0.0,1.71,0.0,0.72,98.94420000000001,2026-06-21,,,,,
2025-04-06,15492.0,15557.0,15492.0,30025210296051,2971793975,2025-04-06,2025-04-06,99.23,99.23,0.0,0.08,0.0,0.69,98.94420000000001,2026-06-21,,,,,
2025-04-07,15592.0,15657.0,15592.0,28722524806930,2875793975,2025-04-07,2025-04-07,94.0,94.0,0.0,5.2,0.0,0.8,98.94420000000001,2026-06-21,,,,,
2025-04-08,14925.0,14987.0,14925.0,27344756626549,2865793975,2025-04-08,2025-04-08,98.68,98.68,0.0,0.59,0.0,0.73,98.94420000000001,2026-06-21,,,,,
2025-04-09,14319.0,14378.0,14319.0,26055601245119,2853393975,2025-04-09,2025-04-09,98.28,98.28,0.0,1.21,0.0,0.51,98.94420000000001,2026-06-21,,,,,
2025-04-10,14622.0,14682.0,14622.0,26606942697056,2853393975,2025-04-10,2025-04-10,98.47,98.47,0.0,1.19,0.0,0.34,98.94420000000001,2026-06-21,,,,,
2025-04-11,14621.0,14682.0,14621.0,26605901313230,2853393975,2025-04-11,2025-04-11,98.47,98.47,0.0,1.19,0.0,0.34,98.94420000000001,2026-06-21,,,,,
2025-04-12,13858.0,13916.0,13858.0,25149146650901,2848493975,2025-04-12,2025-04-12,99.1,99.1,0.0,0.39,0.0,0.51,98.94420000000001,2026-06-21,,,,,
2025-04-13,13290.0,13345.0,13290.0,24096885320327,2846893975,2025-04-13,2025-04-13,99.64,99.64,0.0,0.19,0.0,0.17,98.94420000000001,2026-06-21,,,,,
2025-04-14,12659.0,12711.0,12659.0,22952517897266,2846893975,2025-04-14,2025-04-14,99.21,99.21,0.0,0.75,0.0,0.04,98.94420000000001,2026-06-21,,,,,
2025-04-15,12772.0,12825.0,12772.0,23019342938417,2836093975,2025-04-15,2025-04-15,98.85,98.85,0.0,0.73,0.0,0.42,98.94420000000001,2026-06-21,,,,,
2025-04-16,12900.0,12954.0,12900.0,23126507975285,2826393975,2025-04-16,2025-04-16,98.65,98.65,0.0,0.96,0.0,0.39,98.94420000000001,2026-06-21,,,,,
2025-04-17,12875.0,12929.0,12875.0,23081487615933,2826393975,2025-04-17,2025-04-17,98.65,98.65,0.0,0.97,0.0,0.38,98.94420000000001,2026-06-21,,,,,
2025-04-18,12875.0,12928.0,12875.0,23080563845259,2826393975,2025-04-18,2025-04-18,98.65,98.65,0.0,0.97,0.0,0.38,98.94420000000001,2026-06-21,,,,,
2025-04-19,12237.0,12288.0,12237.0,21835555260132,2818093975,2025-04-19,2025-04-19,98.56,98.56,0.0,1.05,0.0,0.39,98.94420000000001,2026-06-21,,,,,
2025-04-20,11842.0,11890.0,11842.0,21125388493002,2817693975,2025-04-20,2025-04-20,97.88,97.88,0.0,1.89,0.0,0.23,98.94420000000001,2026-06-21,,,,,
2025-04-21,12310.0,12360.0,12310.0,21929502015483,2815193975,2025-04-21,2025-04-21,97.23,97.23,0.0,2.54,0.0,0.23,98.94420000000001,2026-06-21,,,,,
2025-04-22,11777.0,11824.0,11777.0,20747429700477,2795393975,2025-04-22,2025-04-22,94.56,94.56,0.0,5.19,0.0,0.25,98.94420000000001,2026-06-21,,,,,
2025-04-23,11935.0,11982.0,11935.0,21022280275153,2795093975,2025-04-23,2025-04-23,94.01,94.01,0.0,5.74,0.0,0.25,98.94420000000001,2026-06-21,,,,,
2025-04-24,11935.0,11982.0,11935.0,21021446075412,2795093975,2025-04-24,2025-04-24,94.01,94.01,0.0,5.74,0.0,0.25,98.94420000000001,2026-06-21,,,,,
2025-04-25,11934.0,11982.0,11934.0,21020611920561,2795093975,2025-04-25,2025-04-25,94.01,94.01,0.0,5.74,0.0,0.25,98.94420000000001,2026-06-21,,,,,
2025-04-26,11992.0,12039.0,11992.0,21107804888678,2793893975,2025-04-26,2025-04-26,91.5,91.5,0.0,8.25,0.0,0.25,98.94420000000001,2026-06-21,,,,,
2025-04-27,12299.0,12347.0,12299.0,21525539962122,2783893975,2025-04-27,2025-04-27,91.74,91.74,0.0,7.56,0.0,0.7,98.94420000000001,2026-06-21,,,,,
2025-04-28,11878.0,11925.0,11878.0,20504148842509,2759893975,2025-04-28,2025-04-28,91.17,91.17,0.0,8.1,0.0,0.73,98.94420000000001,2026-06-21,,,,,
2025-04-29,11902.0,11949.0,11902.0,20545375332037,2759893975,2025-04-29,2025-04-29,91.77,91.77,0.0,7.49,0.0,0.74,98.94420000000001,2026-06-21,,,,,
2025-04-30,11881.0,11928.0,11881.0,20377879157398,2748893975,2025-04-30,2025-04-30,91.72,91.72,0.0,7.54,0.0,0.74,98.94420000000001,2026-06-21,,,,,
2025-05-01,11827.0,11874.0,11827.0,20285143740597,2748893975,2025-05-01,2025-05-01,91.69,91.69,0.0,7.56,0.0,0.75,98.94420000000001,2026-06-21,,,,,
2025-05-02,11826.0,11873.0,11826.0,20284412635638,2748893975,2025-05-02,2025-05-02,91.69,91.69,0.0,7.56,0.0,0.75,98.94420000000001,2026-06-21,,,,,
2025-05-03,12410.0,12458.0,12410.0,21342018621760,2753493975,2025-05-03,2025-05-03,89.27,89.27,0.0,10.01,0.0,0.72,98.94420000000001,2026-06-21,,,,,
2025-05-04,12677.0,12726.0,12677.0,21720420925897,2747093975,2025-05-04,2025-05-04,88.79,88.79,0.0,10.25,0.0,0.96,98.94420000000001,2026-06-21,,,,,
2025-05-05,12339.0,12387.0,12339.0,21002822224007,2735793975,2025-05-05,2025-05-05,88.64,88.64,0.0,10.36,0.0,1.0,98.94420000000001,2026-06-21,,,,,
2025-05-06,12298.0,12346.0,12298.0,20593351323884,2708293975,2025-05-06,2025-05-06,87.98,87.98,0.0,11.01,0.0,1.01,98.94420000000001,2026-06-21,,,,,
2025-05-07,12260.0,12308.0,12260.0,20511069384864,2706693975,2025-05-07,2025-05-07,89.11,89.11,0.0,1.61,0.0,9.28,98.94420000000001,2026-06-21,,,,,
2025-05-08,12299.0,12347.0,12299.0,20576402282916,2706693975,2025-05-08,2025-05-08,89.14,89.14,0.0,1.61,0.0,9.25,98.94420000000001,2026-06-21,,,,,
2025-05-09,12299.0,12348.0,12299.0,20576873365749,2706693975,2025-05-09,2025-05-09,89.14,89.14,0.0,1.61,0.0,9.25,98.94420000000001,2026-06-21,,,,,
2025-05-10,12389.0,12439.0,12389.0,20806249889757,2713093975,2025-05-10,2025-05-10,90.73,90.73,0.0,0.17,0.0,9.1,98.94420000000001,2026-06-21,,,,,
2025-05-11,12214.0,12264.0,12214.0,20588502213059,2719293975,2025-05-11,2025-05-11,92.49,92.49,0.0,0.26,0.0,7.25,98.94420000000001,2026-06-21,,,,,
2025-05-12,12154.0,12205.0,12154.0,20066442760772,2684693975,2025-05-12,2025-05-12,93.37,93.37,0.0,0.1,0.0,6.53,98.94420000000001,2026-06-21,,,,,
2025-05-13,12139.0,12191.0,12139.0,20021957129591,2683093975,2025-05-13,2025-05-13,96.35,96.35,0.0,1.56,0.0,2.09,98.94420000000001,2026-06-21,,,,,
2025-05-14,12006.0,12058.0,12006.0,19643081763690,2669793975,2025-05-14,2025-05-14,96.4,96.4,0.0,1.48,0.0,2.12,98.94420000000001,2026-06-21,,,,,
2025-05-15,11939.0,11990.0,11939.0,19533257185974,2669793975,2025-05-15,2025-05-15,96.38,96.38,0.0,1.49,0.0,2.13,98.94420000000001,2026-06-21,,,,,
2025-05-16,11939.0,11990.0,11939.0,19532717269940,2669793975,2025-05-16,2025-05-16,96.38,96.38,0.0,1.49,0.0,2.13,98.94420000000001,2026-06-21,,,,,
2025-05-17,11738.0,11789.0,11738.0,18959343221014,2648893975,2025-05-17,2025-05-17,95.58,95.58,0.0,3.07,0.0,1.35,98.94420000000001,2026-06-21,,,,,
2025-05-18,11336.0,11385.0,11336.0,17919507319077,2614493975,2025-05-18,2025-05-18,94.83,94.83,0.0,3.76,0.0,1.41,98.94420000000001,2026-06-21,,,,,
2025-05-19,11669.0,11720.0,11669.0,18299886481905,2601893975,2025-05-19,2025-05-19,96.22,96.22,0.0,2.38,0.0,1.4,98.94420000000001,2026-06-21,,,,,
2025-05-20,12222.0,12275.0,12222.0,19491992870251,2628493975,2025-05-20,2025-05-20,98.53,98.53,0.0,0.12,0.0,1.35,98.94420000000001,2026-06-21,,,,,
2025-05-21,12261.0,12315.0,12261.0,19223090162892,2601493975,2025-05-21,2025-05-21,96.44,96.44,0.0,2.24,0.0,1.32,98.94420000000001,2026-06-21,,,,,
2025-05-22,12043.0,12096.0,12043.0,18881635193433,2601493975,2025-05-22,2025-05-22,96.37,96.37,0.0,2.28,0.0,1.35,98.94420000000001,2026-06-21,,,,,
2025-05-23,12043.0,12096.0,12043.0,18881042872518,2601493975,2025-05-23,2025-05-23,96.37,96.37,0.0,2.28,0.0,1.35,98.94420000000001,2026-06-21,,,,,
2025-05-24,12156.0,12207.0,12156.0,18146894482331,2526493975,2025-05-24,2025-05-24,89.52,89.52,0.0,9.12,0.0,1.36,98.94420000000001,2026-06-21,,,,,
2025-05-25,12132.0,12183.0,12132.0,17188429797955,2450493975,2025-05-25,2025-05-25,90.71,90.71,0.0,7.86,0.0,1.43,98.94420000000001,2026-06-21,,,,,
2025-05-26,11985.0,12035.0,11985.0,17417158803088,2486893975,2025-05-26,2025-05-26,95.46,95.46,0.0,3.02,0.0,1.52,98.94420000000001,2026-06-21,,,,,
2025-05-27,12011.0,12060.0,12011.0,17596617984323,2498793975,2025-05-27,2025-05-27,93.16,93.16,0.0,2.86,0.0,3.98,98.94420000000001,2026-06-21,,,,,
2025-05-28,12089.0,12139.0,12089.0,17610263143878,2490393975,2025-05-28,2025-05-28,92.47,92.47,0.0,2.8,0.0,4.73,98.94420000000001,2026-06-21,,,,,
2025-05-29,11889.0,11939.0,11889.0,17319230894725,2490393975,2025-05-29,2025-05-29,92.35,92.35,0.0,2.84,0.0,4.81,98.94420000000001,2026-06-21,,,,,
2025-05-30,11889.0,11938.0,11889.0,17319092004860,2490393975,2025-05-30,2025-05-30,92.34,92.34,0.0,2.85,0.0,4.81,98.94420000000001,2026-06-21,,,,,
2025-05-31,11925.0,11975.0,11925.0,17349426712860,2488593975,2025-05-31,2025-05-31,93.35,93.35,0.0,1.83,0.0,4.82,98.94420000000001,2026-06-21,,,,,
2025-06-01,11839.0,11888.0,11839.0,17259777936599,2491593975,2025-06-01,2025-06-01,93.86,93.86,0.0,2.62,0.0,3.52,98.94420000000001,2026-06-21,,,,,
2025-06-02,12064.0,12114.0,12064.0,17577859501787,2490793975,2025-06-02,2025-06-02,93.78,93.78,0.0,2.77,0.0,3.45,98.94420000000001,2026-06-21,,,,,
2025-06-03,12162.0,12213.0,12162.0,17721470487308,2490793975,2025-06-03,2025-06-03,93.88,93.88,0.0,2.7,0.0,3.42,98.94420000000001,2026-06-21,,,,,
2025-06-04,12162.0,12213.0,12162.0,17721169370820,2490793975,2025-06-04,2025-06-04,93.88,93.88,0.0,2.7,0.0,3.42,98.94420000000001,2026-06-21,,,,,
2025-06-05,12162.0,12213.0,12162.0,17720868833503,2490793975,2025-06-05,2025-06-05,93.87,93.87,0.0,2.7,0.0,3.43,98.94420000000001,2026-06-21,,,,,
2025-06-06,12161.0,12212.0,12161.0,17720295500534,2490793975,2025-06-06,2025-06-06,93.87,93.87,0.0,2.7,0.0,3.43,98.94420000000001,2026-06-21,,,,,
2025-06-07,11977.0,12027.0,11977.0,17480925970847,2493293975,2025-06-07,2025-06-07,93.78,93.78,0.0,2.74,0.0,3.48,98.94420000000001,2026-06-21,,,,,
2025-06-08,12061.0,12111.0,12061.0,17605200432352,2493393975,2025-06-08,2025-06-08,93.66,93.66,0.0,2.72,0.0,3.62,98.94420000000001,2026-06-21,,,,,
2025-06-09,12212.0,12264.0,12212.0,17737102569521,2486093975,2025-06-09,2025-06-09,93.73,93.73,0.0,2.69,0.0,3.58,98.94420000000001,2026-06-21,,,,,
2025-06-10,11998.0,12050.0,11998.0,17293958523396,2475093975,2025-06-10,2025-06-10,95.28,95.28,0.0,0.98,0.0,3.74,98.94420000000001,2026-06-21,,,,,
2025-06-11,12267.0,12320.0,12267.0,17655431196738,2472993975,2025-06-11,2025-06-11,96.86,96.86,0.0,0.19,0.0,2.95,98.94420000000001,2026-06-21,,,,,
2025-06-12,12579.0,12634.0,12579.0,18105184186599,2472993975,2025-06-12,2025-06-12,96.93,96.93,0.0,0.19,0.0,2.88,98.94420000000001,2026-06-21,,,,,
2025-06-13,12579.0,12633.0,12579.0,18104802098658,2472993975,2025-06-13,2025-06-13,96.93,96.93,0.0,0.19,0.0,2.88,98.94420000000001,2026-06-21,,,,,
2025-06-14,12579.0,12633.0,12579.0,18104420485928,2472993975,2025-06-14,2025-06-14,96.93,96.93,0.0,0.19,0.0,2.88,98.94420000000001,2026-06-21,,,,,
2025-06-15,12578.0,12633.0,12578.0,18104021612754,2472993975,2025-06-15,2025-06-15,97.07,97.07,0.0,0.19,0.0,2.74,98.94420000000001,2026-06-21,,,,,
2025-06-16,12578.0,12633.0,12578.0,18103623568401,2472993975,2025-06-16,2025-06-16,97.06,97.06,0.0,0.2,0.0,2.74,98.94420000000001,2026-06-21,,,,,
2025-06-17,12578.0,12632.0,12578.0,18103225979057,2472993975,2025-06-17,2025-06-17,97.06,97.06,0.0,0.2,0.0,2.74,98.94420000000001,2026-06-21,,,,,
2025-06-18,12578.0,12632.0,12578.0,18102828845298,2472993975,2025-06-18,2025-06-18,97.06,97.06,0.0,0.2,0.0,2.74,98.94420000000001,2026-06-21,,,,,
2025-06-19,12577.0,12632.0,12577.0,18102432168624,2472993975,2025-06-19,2025-06-19,97.06,97.06,0.0,0.2,0.0,2.74,98.94420000000001,2026-06-21,,,,,
2025-06-20,12577.0,12632.0,12577.0,18102035949299,2472993975,2025-06-20,2025-06-20,97.06,97.06,0.0,0.2,0.0,2.74,98.94420000000001,2026-06-21,,,,,
2025-06-21,12577.0,12631.0,12577.0,18101640223138,2472993975,2025-06-21,2025-06-21,97.06,97.06,0.0,0.2,0.0,2.74,98.94420000000001,2026-06-21,,,,,
2025-06-22,12576.0,12631.0,12576.0,18101249309196,2472993975,2025-06-22,2025-06-22,97.05,97.05,0.0,0.21,0.0,2.74,98.94420000000001,2026-06-21,,,,,
2025-06-23,12576.0,12631.0,12576.0,18100858855721,2472993975,2025-06-23,2025-06-23,97.05,97.05,0.0,0.21,0.0,2.74,98.94420000000001,2026-06-21,,,,,
2025-06-24,12576.0,12630.0,12576.0,18100468863649,2472993975,2025-06-24,2025-06-24,97.05,97.05,0.0,0.21,0.0,2.74,98.94420000000001,2026-06-21,,,,,
2025-06-25,12576.0,12630.0,12576.0,18100079333922,2472993975,2025-06-25,2025-06-25,97.05,97.05,0.0,0.21,0.0,2.74,98.94420000000001,2026-06-21,,,,,
2025-06-26,12575.0,12630.0,12575.0,18099690267481,2472993975,2025-06-26,2025-06-26,97.05,97.05,0.0,0.21,0.0,2.74,98.94420000000001,2026-06-21,,,,,
2025-06-27,12575.0,12630.0,12575.0,18099301665272,2472993975,2025-06-27,2025-06-27,97.05,97.05,0.0,0.21,0.0,2.74,98.94420000000001,2026-06-21,,,,,
2025-06-28,12556.0,12611.0,12556.0,17956832305126,2463793975,2025-06-28,2025-06-28,97.13,97.13,0.0,0.13,0.0,2.74,98.94420000000001,2026-06-21,,,,,
2025-06-29,13146.0,13203.0,13146.0,19207222511533,2494793975,2025-06-29,2025-06-29,99.63,99.63,0.0,0.13,0.0,0.24,98.94420000000001,2026-06-21,,,,,
2025-06-30,13648.0,13707.0,13648.0,20562144698744,2540293975,2025-06-30,2025-06-30,99.75,99.75,0.0,0.12,0.0,0.13,98.94420000000001,2026-06-21,,,,,
2025-07-01,13900.0,13962.0,13900.0,20612376950621,2516593975,2025-07-01,2025-07-01,98.09,98.09,0.0,1.79,0.0,0.12,98.94420000000001,2026-06-21,,,,,
2025-07-02,13813.0,13873.0,13813.0,20946656843592,2550193975,2025-07-02,2025-07-02,99.69,99.69,0.0,0.19,0.0,0.12,98.94420000000001,2026-06-21,,,,,
2025-07-03,13812.0,13872.0,13812.0,20945838375102,2550193975,2025-07-03,2025-07-03,99.69,99.69,0.0,0.19,0.0,0.12,98.94420000000001,2026-06-21,,,,,
2025-07-04,13811.0,13872.0,13811.0,20945019934435,2550193975,2025-07-04,2025-07-04,99.69,99.69,0.0,0.19,0.0,0.12,98.94420000000001,2026-06-21,,,,,
2025-07-05,13811.0,13871.0,13811.0,20944201521481,2550193975,2025-07-05,2025-07-05,99.69,99.69,0.0,0.19,0.0,0.12,98.94420000000001,2026-06-21,,,,,
2025-07-06,13810.0,13871.0,13810.0,20943383136485,2550193975,2025-07-06,2025-07-06,99.69,99.69,0.0,0.19,0.0,0.12,98.94420000000001,2026-06-21,,,,,
2025-07-07,13290.0,13347.0,13290.0,20282659724741,2559893975,2025-07-07,2025-07-07,97.46,97.46,0.0,0.12,0.0,2.42,98.94420000000001,2026-06-21,,,,,
2025-07-08,13142.0,13199.0,13142.0,20136869839898,2565993975,2025-07-08,2025-07-08,97.24,97.24,0.0,2.64,0.0,0.12,98.94420000000001,2026-06-21,,,,,
2025-07-09,13059.0,13117.0,13059.0,20061227275278,2569893975,2025-07-09,2025-07-09,99.75,99.75,0.0,0.13,0.0,0.12,98.94420000000001,2026-06-21,,,,,
2025-07-10,13059.0,13117.0,13059.0,20060419417107,2569893975,2025-07-10,2025-07-10,99.75,99.75,0.0,0.13,0.0,0.12,98.94420000000001,2026-06-21,,,,,
2025-07-11,13058.0,13116.0,13058.0,20059615911404,2569893975,2025-07-11,2025-07-11,99.75,99.75,0.0,0.13,0.0,0.12,98.94420000000001,2026-06-21,,,,,
2025-07-12,12900.0,12952.0,12900.0,22142748522284,2750193975,2025-07-12,2025-07-12,99.83,99.83,0.0,0.06,0.0,0.11,98.94420000000001,2026-06-21,,,,,
2025-07-13,13279.0,13337.0,13279.0,23698448827531,2818293975,2025-07-13,2025-07-13,99.82,99.82,0.0,0.04,0.0,0.14,98.94420000000001,2026-06-21,,,,,
2025-07-14,13339.0,13398.0,13339.0,24075999919091,2838693975,2025-07-14,2025-07-14,99.79,99.79,0.0,0.08,0.0,0.13,98.94420000000001,2026-06-21,,,,,
2025-07-15,13284.0,13342.0,13284.0,24209287874827,2856193975,2025-07-15,2025-07-15,99.76,99.76,0.0,0.11,0.0,0.13,98.94420000000001,2026-06-21,,,,,
2025-07-16,13369.0,13428.0,13369.0,24245438063697,2847293975,2025-07-16,2025-07-16,99.06,99.06,0.0,0.81,0.0,0.13,98.94420000000001,2026-06-21,,,,,
2025-07-17,13368.0,13428.0,13368.0,24244471629881,2847293975,2025-07-17,2025-07-17,99.06,99.06,0.0,0.81,0.0,0.13,98.94420000000001,2026-06-21,,,,,
2025-07-18,13368.0,13427.0,13368.0,24243505224903,2847293975,2025-07-18,2025-07-18,99.06,99.06,0.0,0.81,0.0,0.13,98.94420000000001,2026-06-21,,,,,
2025-07-19,13191.0,13250.0,13191.0,24042486082565,2856293975,2025-07-19,2025-07-19,99.79,99.79,0.0,0.08,0.0,0.13,98.94420000000001,2026-06-21,,,,,
2025-07-20,13029.0,13087.0,13029.0,23787344993055,2859393975,2025-07-20,2025-07-20,99.78,99.78,0.0,0.09,0.0,0.13,98.94420000000001,2026-06-21,,,,,
2025-07-21,13213.0,13273.0,13213.0,24162096474546,2862293975,2025-07-21,2025-07-21,99.79,99.79,0.0,0.08,0.0,0.13,98.94420000000001,2026-06-21,,,,,
2025-07-22,13450.0,13510.0,13450.0,24454320251117,2851893975,2025-07-22,2025-07-22,99.05,99.05,0.0,0.82,0.0,0.13,98.94420000000001,2026-06-21,,,,,
2025-07-23,13445.0,13505.0,13445.0,24166892812116,2831193975,2025-07-23,2025-07-23,98.23,98.23,0.0,1.64,0.0,0.13,98.94420000000001,2026-06-21,,,,,
2025-07-24,13444.0,13504.0,13444.0,24165932155707,2831193975,2025-07-24,2025-07-24,98.23,98.23,0.0,1.64,0.0,0.13,98.94420000000001,2026-06-21,,,,,
2025-07-25,13444.0,13504.0,13444.0,24164971528276,2831193975,2025-07-25,2025-07-25,98.23,98.23,0.0,1.64,0.0,0.13,98.94420000000001,2026-06-21,,,,,
2025-07-26,13190.0,13248.0,13190.0,23946114940751,2849193975,2025-07-26,2025-07-26,99.79,99.79,0.0,0.08,0.0,0.13,98.94420000000001,2026-06-21,,,,,
2025-07-27,13057.0,13113.0,13057.0,24420117038483,2903993975,2025-07-27,2025-07-27,99.85,99.85,0.0,0.02,0.0,0.13,98.94420000000001,2026-06-21,,,,,
2025-07-28,13393.0,13452.0,13393.0,25158898428606,2912193975,2025-07-28,2025-07-28,99.8,99.8,0.0,0.08,0.0,0.12,98.94420000000001,2026-06-21,,,,,
2025-07-29,13419.0,13479.0,13419.0,25084590158128,2902993975,2025-07-29,2025-07-29,99.29,99.29,0.0,0.59,0.0,0.12,98.94420000000001,2026-06-21,,,,,
2025-07-30,13348.0,13407.0,13348.0,25006125116402,2907093975,2025-07-30,2025-07-30,99.79,99.79,0.0,0.08,0.0,0.13,98.94420000000001,2026-06-21,,,,,
2025-07-31,13348.0,13406.0,13348.0,25005128833859,2907093975,2025-07-31,2025-07-31,99.79,99.79,0.0,0.08,0.0,0.13,98.94420000000001,2026-06-21,,,,,
2025-08-01,13347.0,13406.0,13347.0,25004132580718,2907093975,2025-08-01,2025-08-01,99.79,99.79,0.0,0.08,0.0,0.13,98.94420000000001,2026-06-21,,,,,
2025-08-02,13888.0,13941.0,13888.0,28779229013644,3105993975,2025-08-02,2025-08-02,0.08,0.08,0.0,99.8,0.0,0.12,98.94420000000001,2026-06-21,,,,,
2025-08-03,14131.0,14188.0,14131.0,29001637238549,3086093975,2025-08-03,2025-08-03,0.07,0.07,0.0,99.82,0.0,0.11,98.94420000000001,2026-06-21,,,,,
2025-08-04,14353.0,14409.0,14353.0,30589996739210,3164993975,2025-08-04,2025-08-04,0.08,0.08,0.0,99.81,0.0,0.11,98.94420000000001,2026-06-21,,,,,
2025-08-05,14213.0,14268.0,14213.0,30419649941209,3173993975,2025-08-05,2025-08-05,0.07,0.07,0.0,99.83,0.0,0.1,98.94420000000001,2026-06-21,,,,,
2025-08-06,14257.0,14313.0,14257.0,30442481962744,3168893975,2025-08-06,2025-08-06,0.07,0.07,0.0,99.4,0.0,0.53,98.94420000000001,2026-06-21,,,,,
2025-08-07,14257.0,14313.0,14257.0,30441421096167,3168893975,2025-08-07,2025-08-07,0.07,0.07,0.0,99.4,0.0,0.53,98.94420000000001,2026-06-21,,,,,
2025-08-08,14256.0,14312.0,14256.0,30440370983801,3168893975,2025-08-08,2025-08-08,0.07,0.07,0.0,99.4,0.0,0.53,98.94420000000001,2026-06-21,,,,,
2025-08-09,13955.0,14010.0,13955.0,29960526978424,3180693975,2025-08-09,2025-08-09,0.07,0.07,0.0,99.38,0.0,0.55,98.94420000000001,2026-06-21,,,,,
2025-08-10,13859.0,13914.0,13859.0,30293382303882,3219493975,2025-08-10,2025-08-10,0.07,0.07,0.0,99.38,0.0,0.55,98.94420000000001,2026-06-21,,,,,
2025-08-11,14001.0,14058.0,14001.0,31125017616161,3256693975,2025-08-11,2025-08-11,0.07,0.07,0.0,99.85,0.0,0.08,98.94420000000001,2026-06-21,,,,,
2025-08-12,13873.0,13928.0,13873.0,30871034477553,3258993975,2025-08-12,2025-08-12,0.07,0.07,0.0,99.69,0.0,0.24,98.94420000000001,2026-06-21,,,,,
2025-08-13,14027.0,14083.0,14027.0,31319007878221,3266393975,2025-08-13,2025-08-13,0.07,0.07,0.0,99.7,0.0,0.23,98.94420000000001,2026-06-21,,,,,
2025-08-14,14027.0,14083.0,14027.0,31317847967282,3266393975,2025-08-14,2025-08-14,0.07,0.07,0.0,99.7,0.0,0.23,98.94420000000001,2026-06-21,,,,,
2025-08-15,14026.0,14082.0,14026.0,31316688122580,3266393975,2025-08-15,2025-08-15,0.07,0.07,0.0,99.7,0.0,0.23,98.94420000000001,2026-06-21,,,,,
2025-08-16,13849.0,13906.0,13849.0,31005106917101,3272493975,2025-08-16,2025-08-16,0.07,0.07,0.0,99.35,0.0,0.58,98.94420000000001,2026-06-21,,,,,
2025-08-17,13976.0,14035.0,13976.0,31253582489919,3269893975,2025-08-17,2025-08-17,0.07,0.07,0.0,99.86,0.0,0.07,98.94420000000001,2026-06-21,,,,,
2025-08-18,14047.0,14106.0,14047.0,31467001088573,3273893975,2025-08-18,2025-08-18,0.07,0.07,0.0,99.86,0.0,0.07,98.94420000000001,2026-06-21,,,,,
2025-08-19,14029.0,14087.0,14029.0,31908199091716,3308193975,2025-08-19,2025-08-19,0.07,0.07,0.0,99.86,0.0,0.07,98.94420000000001,2026-06-21,,,,,
2025-08-20,14189.0,14249.0,14189.0,32344236631108,3313193975,2025-08-20,2025-08-20,0.07,0.07,0.0,99.86,0.0,0.07,98.94420000000001,2026-06-21,,,,,
2025-08-21,14189.0,14248.0,14189.0,32342961478442,3313193975,2025-08-21,2025-08-21,0.07,0.07,0.0,99.86,0.0,0.07,98.94420000000001,2026-06-21,,,,,
2025-08-22,14188.0,14248.0,14188.0,32341637081736,3313193975,2025-08-22,2025-08-22,0.07,0.07,0.0,99.86,0.0,0.07,98.94420000000001,2026-06-21,,,,,
2025-08-23,14369.0,14427.0,14369.0,32897184786298,3323193975,2025-08-23,2025-08-23,0.07,0.07,0.0,99.87,0.0,0.06,98.94420000000001,2026-06-21,,,,,
2025-08-24,14368.0,14426.0,14368.0,32895923154858,3323193975,2025-08-24,2025-08-24,0.07,0.07,0.0,99.87,0.0,0.06,98.94420000000001,2026-06-21,,,,,
2025-08-25,14382.0,14439.0,14382.0,33607395328339,3370493975,2025-08-25,2025-08-25,0.07,0.07,0.0,99.43,0.0,0.5,98.94420000000001,2026-06-21,,,,,
2025-08-26,14544.0,14602.0,14544.0,33201561024244,3316493975,2025-08-26,2025-08-26,0.07,0.07,0.0,97.43,0.0,2.5,98.94420000000001,2026-06-21,,,,,
2025-08-27,15123.0,15186.0,15123.0,34448054685111,3311493975,2025-08-27,2025-08-27,0.07,0.07,0.0,97.46,0.0,2.47,98.94420000000001,2026-06-21,,,,,
2025-08-28,15123.0,15185.0,15123.0,34447308365292,3311493975,2025-08-28,2025-08-28,0.07,0.07,0.0,97.46,0.0,2.47,98.94420000000001,2026-06-21,,,,,
2025-08-29,15123.0,15185.0,15123.0,34446562837160,3311493975,2025-08-29,2025-08-29,0.07,0.07,0.0,97.46,0.0,2.47,98.94420000000001,2026-06-21,,,,,
2025-08-30,15719.0,15785.0,15719.0,35162613630469,3270693975,2025-08-30,2025-08-30,0.07,0.07,0.0,99.87,0.0,0.06,98.94420000000001,2026-06-21,,,,,
2025-08-31,16353.0,16422.0,16353.0,35866584371221,3226993975,2025-08-31,2025-08-31,0.07,0.07,0.0,99.87,0.0,0.06,98.94420000000001,2026-06-21,,,,,
2025-09-01,16352.0,16421.0,16352.0,35865228746015,3226993975,2025-09-01,2025-09-01,0.07,0.07,0.0,99.87,0.0,0.06,98.94420000000001,2026-06-21,,,,,
2025-09-02,15910.0,15977.0,15910.0,34894450410479,3226993975,2025-09-02,2025-09-02,0.07,0.07,0.0,99.86,0.0,0.07,98.94420000000001,2026-06-21,,,,,
2025-09-03,15929.0,15996.0,15929.0,34071911753058,3172693975,2025-09-03,2025-09-03,0.07,0.07,0.0,99.86,0.0,0.07,98.94420000000001,2026-06-21,,,,,
2025-09-04,15928.0,15995.0,15928.0,34070614065371,3172693975,2025-09-04,2025-09-04,0.07,0.07,0.0,99.86,0.0,0.07,98.94420000000001,2026-06-21,,,,,
2025-09-05,15928.0,15995.0,15928.0,34069316401225,3172693975,2025-09-05,2025-09-05,0.07,0.07,0.0,99.86,0.0,0.07,98.94420000000001,2026-06-21,,,,,
2025-09-06,15982.0,16049.0,15982.0,34421828736887,3187493975,2025-09-06,2025-09-06,0.07,0.07,0.0,99.86,0.0,0.07,98.94420000000001,2026-06-21,,,,,
2025-09-07,16201.0,16270.0,16201.0,35088801761521,3199493975,2025-09-07,2025-09-07,0.07,0.07,0.0,99.85,0.0,0.08,98.94420000000001,2026-06-21,,,,,
2025-09-08,16165.0,16234.0,16165.0,34936497523728,3194893975,2025-09-08,2025-09-08,0.07,0.07,0.0,99.85,0.0,0.08,98.94420000000001,2026-06-21,,,,,
2025-09-09,16168.0,16236.0,16168.0,34918017161043,3193393975,2025-09-09,2025-09-09,0.07,0.07,0.0,99.85,0.0,0.08,98.94420000000001,2026-06-21,,,,,
2025-09-10,16167.0,16236.0,16167.0,34916686065941,3193393975,2025-09-10,2025-09-10,0.07,0.07,0.0,99.85,0.0,0.08,98.94420000000001,2026-06-21,,,,,
2025-09-11,16167.0,16235.0,16167.0,34915359356080,3193393975,2025-09-11,2025-09-11,0.07,0.07,0.0,99.85,0.0,0.08,98.94420000000001,2026-06-21,,,,,
2025-09-12,16166.0,16234.0,16166.0,34914028308224,3193393975,2025-09-12,2025-09-12,0.07,0.07,0.0,99.85,0.0,0.08,98.94420000000001,2026-06-21,,,,,
2025-09-13,15592.0,15657.0,15592.0,33968561048768,3212293975,2025-09-13,2025-09-13,0.07,0.07,0.0,99.85,0.0,0.08,98.94420000000001,2026-06-21,,,,,
2025-09-14,15563.0,15626.0,15563.0,35520813018907,3316093975,2025-09-14,2025-09-14,0.07,0.07,0.0,99.85,0.0,0.08,98.94420000000001,2026-06-21,,,,,
2025-09-15,15931.0,15999.0,15931.0,36810635810441,3344293975,2025-09-15,2025-09-15,0.07,0.07,0.0,99.86,0.0,0.07,98.94420000000001,2026-06-21,,,,,
2025-09-16,16174.0,16243.0,16174.0,37728233568449,3366293975,2025-09-16,2025-09-16,0.07,0.07,0.0,99.86,0.0,0.07,98.94420000000001,2026-06-21,,,,,
2025-09-17,16300.0,16369.0,16300.0,37999396877805,3364993975,2025-09-17,2025-09-17,0.06,0.06,0.0,99.87,0.0,0.07,98.94420000000001,2026-06-21,,,,,
2025-09-18,16299.0,16368.0,16299.0,37997955498794,3364993975,2025-09-18,2025-09-18,0.06,0.06,0.0,99.87,0.0,0.07,98.94420000000001,2026-06-21,,,,,
2025-09-19,16298.0,16368.0,16298.0,37996514143809,3364993975,2025-09-19,2025-09-19,0.06,0.06,0.0,99.87,0.0,0.07,98.94420000000001,2026-06-21,,,,,
2025-09-20,17042.0,17113.0,17042.0,41040585131253,3441893975,2025-09-20,2025-09-20,0.06,0.06,0.0,99.93,0.0,0.01,98.94420000000001,2026-06-21,,,,,
2025-09-21,17527.0,17601.0,17527.0,42225714155999,3442893975,2025-09-21,2025-09-21,0.06,0.06,0.0,99.93,0.0,0.01,98.94420000000001,2026-06-21,,,,,
2025-09-22,17304.0,17379.0,17304.0,41672112176531,3441893975,2025-09-22,2025-09-22,0.06,0.06,0.0,99.93,0.0,0.01,98.94420000000001,2026-06-21,,,,,
2025-09-23,17763.0,17838.0,17763.0,44137720780826,3518493975,2025-09-23,2025-09-23,0.06,0.06,0.0,99.93,0.0,0.01,98.94420000000001,2026-06-21,,,,,
2025-09-24,18306.0,18379.0,18306.0,49661283188217,3746493975,2025-09-24,2025-09-24,0.06,0.06,0.0,99.93,0.0,0.01,98.94420000000001,2026-06-21,,,,,
2025-09-25,18306.0,18378.0,18306.0,49659536033069,3746493975,2025-09-25,2025-09-25,0.06,0.06,0.0,99.93,0.0,0.01,98.94420000000001,2026-06-21,,,,,
2025-09-26,18305.0,18378.0,18305.0,49657788884367,3746493975,2025-09-26,2025-09-26,0.06,0.06,0.0,99.93,0.0,0.01,98.94420000000001,2026-06-21,,,,,
2025-09-27,18961.0,19036.0,18961.0,51533106130496,3751593975,2025-09-27,2025-09-27,0.06,0.06,0.0,99.93,0.0,0.01,98.94420000000001,2026-06-21,,,,,
2025-09-28,18328.0,18400.0,18328.0,49812203040139,3751593975,2025-09-28,2025-09-28,0.06,0.06,0.0,99.74,0.0,0.2,98.94420000000001,2026-06-21,,,,,
2025-09-29,18969.0,19044.0,18969.0,51561178487900,3751893975,2025-09-29,2025-09-29,0.06,0.06,0.0,99.74,0.0,0.2,98.94420000000001,2026-06-21,,,,,
2025-09-30,19313.0,19391.0,19313.0,52263988562544,3739793975,2025-09-30,2025-09-30,0.06,0.06,0.0,99.74,0.0,0.2,98.94420000000001,2026-06-21,,,,,
2025-10-01,19634.0,19712.0,19634.0,53152147661827,3740893975,2025-10-01,2025-10-01,0.06,0.06,0.0,99.89,0.0,0.05,98.94420000000001,2026-06-21,,,,,
2025-10-02,19633.0,19712.0,19633.0,53150317934727,3740893975,2025-10-02,2025-10-02,0.06,0.06,0.0,99.89,0.0,0.05,98.94420000000001,2026-06-21,,,,,
2025-10-03,19632.0,19711.0,19632.0,53148488233758,3740893975,2025-10-03,2025-10-03,0.06,0.06,0.0,99.89,0.0,0.05,98.94420000000001,2026-06-21,,,,,
2025-10-04,19502.0,19580.0,19502.0,52617169613657,3731793975,2025-10-04,2025-10-04,0.06,0.06,0.0,99.89,0.0,0.05,98.94420000000001,2026-06-21,,,,,
2025-10-05,19359.0,19437.0,19359.0,52233353128104,3731793975,2025-10-05,2025-10-05,0.06,0.06,0.0,99.89,0.0,0.05,98.94420000000001,2026-06-21,,,,,
2025-10-06,18928.0,19004.0,18928.0,51172947714533,3737193975,2025-10-06,2025-10-06,0.06,0.06,0.0,99.89,0.0,0.05,98.94420000000001,2026-06-21,,,,,
2025-10-07,19734.0,19813.0,19734.0,53543065653429,3746993975,2025-10-07,2025-10-07,0.06,0.06,0.0,99.89,0.0,0.05,98.94420000000001,2026-06-21,,,,,
2025-10-08,20260.0,20341.0,20260.0,55046981139412,3750693975,2025-10-08,2025-10-08,0.06,0.06,0.0,99.54,0.0,0.4,98.94420000000001,2026-06-21,,,,,
2025-10-09,20260.0,20341.0,20260.0,55045130624849,3750693975,2025-10-09,2025-10-09,0.06,0.06,0.0,99.54,0.0,0.4,98.94420000000001,2026-06-21,,,,,
2025-10-10,20259.0,20340.0,20259.0,55043280308735,3750693975,2025-10-10,2025-10-10,0.06,0.06,0.0,99.54,0.0,0.4,98.94420000000001,2026-06-21,,,,,
2025-10-11,19816.0,19896.0,19816.0,53840813904044,3750693975,2025-10-11,2025-10-11,0.05,0.05,0.0,99.54,0.0,0.41,98.94420000000001,2026-06-21,,,,,
2025-10-12,19710.0,19789.0,19710.0,53554671151844,3750793975,2025-10-12,2025-10-12,0.06,0.06,0.0,99.53,0.0,0.41,98.94420000000001,2026-06-21,,,,,
2025-10-13,19661.0,19740.0,19661.0,53421763206029,3750793975,2025-10-13,2025-10-13,0.05,0.05,0.0,99.54,0.0,0.41,98.94420000000001,2026-06-21,,,,,
2025-10-14,19541.0,19619.0,19541.0,53045546828312,3748293975,2025-10-14,2025-10-14,0.05,0.05,0.0,99.53,0.0,0.42,98.94420000000001,2026-06-21,,,,,
2025-10-15,19884.0,19964.0,19884.0,53976957679602,3748293975,2025-10-15,2025-10-15,0.05,0.05,0.0,99.63,0.0,0.32,98.94420000000001,2026-06-21,,,,,
2025-10-16,19883.0,19963.0,19883.0,53975105466747,3748293975,2025-10-16,2025-10-16,0.05,0.05,0.0,99.63,0.0,0.32,98.94420000000001,2026-06-21,,,,,
2025-10-17,19883.0,19962.0,19883.0,53973253412455,3748293975,2025-10-17,2025-10-17,0.05,0.05,0.0,99.63,0.0,0.32,98.94420000000001,2026-06-21,,,,,
2025-10-18,19490.0,19568.0,19490.0,52868415186413,3746293975,2025-10-18,2025-10-18,0.06,0.06,0.0,99.61,0.0,0.33,98.94420000000001,2026-06-21,,,,,
2025-10-19,20014.0,20094.0,20014.0,54328914700874,3748293975,2025-10-19,2025-10-19,0.05,0.05,0.0,99.7,0.0,0.25,98.94420000000001,2026-06-21,,,,,
2025-10-20,19748.0,19827.0,19748.0,53668067635940,3751293975,2025-10-20,2025-10-20,0.06,0.06,0.0,99.62,0.0,0.32,98.94420000000001,2026-06-21,,,,,
2025-10-21,19687.0,19766.0,19687.0,53501792779530,3751293975,2025-10-21,2025-10-21,0.05,0.05,0.0,99.52,0.0,0.43,98.94420000000001,2026-06-21,,,,,
2025-10-22,19327.0,19406.0,19327.0,51624358499519,3704793975,2025-10-22,2025-10-22,0.06,0.06,0.0,99.5,0.0,0.44,98.94420000000001,2026-06-21,,,,,
2025-10-23,19326.0,19405.0,19326.0,51622601148548,3704793975,2025-10-23,2025-10-23,0.06,0.06,0.0,99.5,0.0,0.44,98.94420000000001,2026-06-21,,,,,
2025-10-24,19326.0,19404.0,19326.0,51620844013332,3704793975,2025-10-24,2025-10-24,0.06,0.06,0.0,99.5,0.0,0.44,98.94420000000001,2026-06-21,,,,,
2025-10-25,19357.0,19435.0,19357.0,52147966241593,3727693975,2025-10-25,2025-10-25,0.06,0.06,0.0,99.9,0.0,0.04,98.94420000000001,2026-06-21,,,,,
2025-10-26,19571.0,19655.0,19571.0,52417997801838,3711993975,2025-10-26,2025-10-26,0.06,0.06,0.0,99.9,0.0,0.04,98.94420000000001,2026-06-21,,,,,
2025-10-27,19230.0,19313.0,19230.0,51533324558141,3713493975,2025-10-27,2025-10-27,0.06,0.06,0.0,99.9,0.0,0.04,98.94420000000001,2026-06-21,,,,,
2025-10-28,18757.0,18838.0,18757.0,50246667392784,3712493975,2025-10-28,2025-10-28,0.06,0.06,0.0,99.9,0.0,0.04,98.94420000000001,2026-06-21,,,,,
2025-10-29,19074.0,19157.0,19074.0,51128523863625,3714193975,2025-10-29,2025-10-29,0.06,0.06,0.0,99.9,0.0,0.04,98.94420000000001,2026-06-21,,,,,
2025-10-30,19074.0,19156.0,19074.0,51126568212954,3714193975,2025-10-30,2025-10-30,0.06,0.06,0.0,99.9,0.0,0.04,98.94420000000001,2026-06-21,,,,,
2025-10-31,19073.0,19155.0,19073.0,51124612611186,3714193975,2025-10-31,2025-10-31,0.06,0.06,0.0,99.9,0.0,0.04,98.94420000000001,2026-06-21,,,,,
2025-11-01,19243.0,19326.0,19243.0,51569746148436,3713593975,2025-11-01,2025-11-01,0.06,0.06,0.0,99.84,0.0,0.1,98.94420000000001,2026-06-21,,,,,
2025-11-02,19129.0,19211.0,19129.0,51195837362639,3710093975,2025-11-02,2025-11-02,0.06,0.06,0.0,99.92,0.0,0.02,98.94420000000001,2026-06-21,,,,,
2025-11-03,19138.0,19221.0,19138.0,51235171551412,3710793975,2025-11-03,2025-11-03,0.06,0.06,0.0,99.93,0.0,0.01,98.94420000000001,2026-06-21,,,,,
2025-11-04,19159.0,19242.0,19159.0,51306112765587,3711593975,2025-11-04,2025-11-04,0.06,0.06,0.0,99.93,0.0,0.01,98.94420000000001,2026-06-21,,,,,
2025-11-05,19180.0,19263.0,19180.0,51365224024684,3711793975,2025-11-05,2025-11-05,0.06,0.06,0.0,99.91,0.0,0.03,98.94420000000001,2026-06-21,,,,,
2025-11-06,19179.0,19262.0,19179.0,51363256684854,3711793975,2025-11-06,2025-11-06,0.06,0.06,0.0,99.91,0.0,0.03,98.94420000000001,2026-06-21,,,,,
2025-11-07,19178.0,19261.0,19178.0,51361242689311,3711793975,2025-11-07,2025-11-07,0.06,0.06,0.0,99.91,0.0,0.03,98.94420000000001,2026-06-21,,,,,
2025-11-08,19103.0,19186.0,19103.0,51159548250524,3711793975,2025-11-08,2025-11-08,0.06,0.06,0.0,99.9,0.0,0.04,98.94420000000001,2026-06-21,,,,,
2025-11-09,19112.0,19194.0,19112.0,51257415548524,3715693975,2025-11-09,2025-11-09,0.06,0.06,0.0,99.94,0.0,0.0,98.94420000000001,2026-06-21,,,,,
2025-11-10,19325.0,19408.0,19325.0,51964591503154,3722693975,2025-11-10,2025-11-10,0.06,0.06,0.0,99.94,0.0,0.0,98.94420000000001,2026-06-21,,,,,
2025-11-11,20120.0,20207.0,20120.0,54505562314472,3742693975,2025-11-11,2025-11-11,0.05,0.05,0.0,99.92,0.0,0.03,98.94420000000001,2026-06-21,,,,,
2025-11-12,20698.0,20788.0,20698.0,56121098793284,3745093975,2025-11-12,2025-11-12,0.05,0.05,0.0,99.92,0.0,0.03,98.94420000000001,2026-06-21,,,,,
2025-11-13,20697.0,20787.0,20697.0,56118994795546,3745093975,2025-11-13,2025-11-13,0.05,0.05,0.0,99.92,0.0,0.03,98.94420000000001,2026-06-21,,,,,
2025-11-14,20697.0,20786.0,20697.0,56116890812489,3745093975,2025-11-14,2025-11-14,0.05,0.05,0.0,99.92,0.0,0.03,98.94420000000001,2026-06-21,,,,,
2025-11-15,20447.0,20535.0,20447.0,55712962899570,3758493975,2025-11-15,2025-11-15,0.05,0.05,0.0,99.92,0.0,0.03,98.94420000000001,2026-06-21,,,,,
2025-11-16,20133.0,20219.0,20133.0,55504688678804,3790593975,2025-11-16,2025-11-16,0.05,0.05,0.0,99.92,0.0,0.03,98.94420000000001,2026-06-21,,,,,
2025-11-17,20306.0,20394.0,20306.0,56191158073638,3800893975,2025-11-17,2025-11-17,0.05,0.05,0.0,99.92,0.0,0.03,98.94420000000001,2026-06-21,,,,,
2025-11-18,20269.0,20357.0,20269.0,56428376256723,3817693975,2025-11-18,2025-11-18,0.05,0.05,0.0,99.92,0.0,0.03,98.94420000000001,2026-06-21,,,,,
2025-11-19,20579.0,20669.0,20579.0,57292023582090,3817693975,2025-11-19,2025-11-19,0.05,0.05,0.0,99.86,0.0,0.09,98.94420000000001,2026-06-21,,,,,
2025-11-20,20578.0,20668.0,20578.0,57289873431737,3817693975,2025-11-20,2025-11-20,0.05,0.05,0.0,99.86,0.0,0.09,98.94420000000001,2026-06-21,,,,,
2025-11-21,20578.0,20667.0,20578.0,57287723327426,3817693975,2025-11-21,2025-11-21,0.05,0.05,0.0,99.86,0.0,0.09,98.94420000000001,2026-06-21,,,,,
2025-11-22,20208.0,20296.0,20208.0,56258303436210,3817693975,2025-11-22,2025-11-22,0.05,0.05,0.0,99.92,0.0,0.03,98.94420000000001,2026-06-21,,,,,
2025-11-23,20403.0,20492.0,20403.0,57693075862935,3861393975,2025-11-23,2025-11-23,0.05,0.05,0.0,99.92,0.0,0.03,98.94420000000001,2026-06-21,,,,,
2025-11-24,20402.0,20491.0,20402.0,57690858984420,3861393975,2025-11-24,2025-11-24,0.05,0.05,0.0,99.92,0.0,0.03,98.94420000000001,2026-06-21,,,,,
2025-11-25,20532.0,20622.0,20532.0,58387159253551,3877393975,2025-11-25,2025-11-25,0.05,0.05,0.0,99.92,0.0,0.03,98.94420000000001,2026-06-21,,,,,
2025-11-26,20632.0,20722.0,20632.0,58669924528313,3877393975,2025-11-26,2025-11-26,0.05,0.05,0.0,99.92,0.0,0.03,98.94420000000001,2026-06-21,,,,,
2025-11-27,20631.0,20721.0,20631.0,58667675890312,3877393975,2025-11-27,2025-11-27,0.05,0.05,0.0,99.92,0.0,0.03,98.94420000000001,2026-06-21,,,,,
2025-11-28,20630.0,20720.0,20630.0,58665427267850,3877393975,2025-11-28,2025-11-28,0.05,0.05,0.0,99.92,0.0,0.03,98.94420000000001,2026-06-21,,,,,
2025-11-29,21333.0,21426.0,21333.0,60664282900135,3877393975,2025-11-29,2025-11-29,0.05,0.05,0.0,99.92,0.0,0.03,98.94420000000001,2026-06-21,,,,,
2025-11-30,21699.0,21794.0,21699.0,62719742287060,3924193975,2025-11-30,2025-11-30,0.05,0.05,0.0,99.92,0.0,0.03,98.94420000000001,2026-06-21,,,,,
2025-12-01,22421.0,22520.0,22421.0,64808950758489,3924193975,2025-12-01,2025-12-01,0.05,0.05,0.0,99.92,0.0,0.03,98.94420000000001,2026-06-21,,,,,
2025-12-02,22186.0,22281.0,22186.0,65331590273840,3978393975,2025-12-02,2025-12-02,0.05,0.05,0.0,99.93,0.0,0.02,98.94420000000001,2026-06-21,,,,,
2025-12-03,22474.0,22572.0,22474.0,66180047065044,3978393975,2025-12-03,2025-12-03,0.05,0.05,0.0,99.92,0.0,0.03,98.94420000000001,2026-06-21,,,,,
2025-12-04,22473.0,22571.0,22473.0,66177571510822,3978393975,2025-12-04,2025-12-04,0.05,0.05,0.0,99.92,0.0,0.03,98.94420000000001,2026-06-21,,,,,
2025-12-05,22473.0,22570.0,22473.0,66175095972978,3978393975,2025-12-05,2025-12-05,0.05,0.05,0.0,99.92,0.0,0.03,98.94420000000001,2026-06-21,,,,,
2025-12-06,22705.0,22805.0,22705.0,66859791120891,3978393975,2025-12-06,2025-12-06,0.05,0.05,0.0,99.92,0.0,0.03,98.94420000000001,2026-06-21,,,,,
2025-12-07,22766.0,22866.0,22766.0,66450374525750,3952593975,2025-12-07,2025-12-07,0.05,0.05,0.0,99.92,0.0,0.03,98.94420000000001,2026-06-21,,,,,
2025-12-08,22878.0,22979.0,22878.0,66031648868027,3919993975,2025-12-08,2025-12-08,0.05,0.05,0.0,99.92,0.0,0.03,98.94420000000001,2026-06-21,,,,,
2025-12-09,22294.0,22393.0,22294.0,63830824008500,3896893975,2025-12-09,2025-12-09,0.0,0.0,0.0,99.97,0.0,0.03,98.94420000000001,2026-06-21,,,,,
2025-12-10,22871.0,22973.0,22871.0,64141736827277,3838193975,2025-12-10,2025-12-10,0.0,0.0,0.0,99.92,0.0,0.08,98.94420000000001,2026-06-21,,,,,
2025-12-11,22870.0,22972.0,22870.0,64139380309604,3838193975,2025-12-11,2025-12-11,0.0,0.0,0.0,99.92,0.0,0.08,98.94420000000001,2026-06-21,,,,,
2025-12-12,22869.0,22971.0,22869.0,64137023806934,3838193975,2025-12-12,2025-12-12,0.0,0.0,0.0,99.92,0.0,0.08,98.94420000000001,2026-06-21,,,,,
2025-12-13,23923.0,24033.0,23923.0,65116533019558,3755593975,2025-12-13,2025-12-13,0.0,0.0,0.0,99.92,0.0,0.08,98.94420000000001,2026-06-21,,,,,
2025-12-14,23622.0,23730.0,23622.0,64296136555959,3755593975,2025-12-14,2025-12-14,0.0,0.0,0.0,99.92,0.0,0.08,98.94420000000001,2026-06-21,,,,,
2025-12-15,23710.0,23818.0,23710.0,64477904166055,3753193975,2025-12-15,2025-12-15,0.0,0.0,0.0,99.92,0.0,0.08,98.94420000000001,2026-06-21,,,,,
2025-12-16,23120.0,23226.0,23120.0,62316663204633,3729093975,2025-12-16,2025-12-16,0.0,0.0,0.0,99.92,0.0,0.08,98.94420000000001,2026-06-21,,,,,
2025-12-17,24553.0,24666.0,24553.0,65955036137480,3719893975,2025-12-17,2025-12-17,0.0,0.0,0.0,99.92,0.0,0.08,98.94420000000001,2026-06-21,,,,,
2025-12-18,24552.0,24665.0,24552.0,65952619791713,3719893975,2025-12-18,2025-12-18,0.0,0.0,0.0,99.92,0.0,0.08,98.94420000000001,2026-06-21,,,,,
2025-12-19,24552.0,24664.0,24552.0,65950203513333,3719893975,2025-12-19,2025-12-19,0.0,0.0,0.0,99.92,0.0,0.08,98.94420000000001,2026-06-21,,,,,
2025-12-20,24784.0,24898.0,24784.0,66109141861241,3701093975,2025-12-20,2025-12-20,0.0,0.0,0.0,99.92,0.0,0.08,98.94420000000001,2026-06-21,,,,,
2025-12-21,24271.0,24382.0,24271.0,64695386307456,3699293975,2025-12-21,2025-12-21,0.0,0.0,0.0,100.0,0.0,0.0,98.94420000000001,2026-06-21,,,,,
2025-12-22,25088.0,25204.0,25088.0,65154017061114,3630693975,2025-12-22,2025-12-22,0.0,0.0,0.0,99.92,0.0,0.08,98.94420000000001,2026-06-21,,,,,
2025-12-23,25782.0,25901.0,25782.0,66652658884949,3618893975,2025-12-23,2025-12-23,0.0,0.0,0.0,93.0,0.0,7.0,98.94420000000001,2026-06-21,,,,,
2025-12-24,26568.0,26690.0,26568.0,68683441204993,3618893975,2025-12-24,2025-12-24,0.0,0.0,0.0,87.26,0.0,12.74,98.94420000000001,2026-06-21,,,,,
2025-12-25,26570.0,26692.0,26570.0,68687784346711,3618893975,2025-12-25,2025-12-25,0.0,0.0,0.0,87.26,0.0,12.74,98.94420000000001,2026-06-21,,,,,
2025-12-26,26571.0,26694.0,26571.0,68692084425869,3618893975,2025-12-26,2025-12-26,0.0,0.0,0.0,87.26,0.0,12.74,98.94420000000001,2026-06-21,,,,,
2025-12-27,27440.0,27567.0,27440.0,69620542336873,3570893975,2025-12-27,2025-12-27,0.0,0.0,0.0,87.61,0.0,12.39,98.94420000000001,2026-06-21,,,,,
2025-12-28,27324.0,27451.0,27324.0,68540948636658,3542193975,2025-12-28,2025-12-28,0.0,0.0,0.0,87.37,0.0,12.63,98.94420000000001,2026-06-21,,,,,
2025-12-29,20918.0,21002.0,20918.0,72632942957033,4505893975,2025-12-29,2025-12-29,0.0,0.0,0.0,86.38,0.0,13.62,98.94420000000001,2026-06-21,,,,,
2025-12-30,21932.0,22032.0,21932.0,76019109071772,4499893975,2025-12-30,2025-12-30,0.0,0.0,0.0,99.93,0.0,0.07,98.94420000000001,2026-06-21,,,,,
2025-12-31,21080.0,21179.0,21080.0,73028858911772,4497993975,2025-12-31,2025-12-31,0.0,0.0,0.0,99.93,0.0,0.07,98.94420000000001,2026-06-21,,,,,
2026-01-01,21080.0,21179.0,21080.0,73025927467818,4497993975,2026-01-01,2026-01-01,0.0,0.0,0.0,99.93,0.0,0.07,98.94420000000001,2026-06-21,,,,,
2026-01-02,21079.0,21178.0,21079.0,73022996107895,4497993975,2026-01-02,2026-01-02,0.0,0.0,0.0,99.93,0.0,0.07,98.94420000000001,2026-06-21,,,,,
2026-01-03,21078.0,21177.0,21078.0,73020064832184,4497993975,2026-01-03,2026-01-03,0.0,0.0,0.0,99.93,0.0,0.07,98.94420000000001,2026-06-21,,,,,
2026-01-04,21994.0,22097.0,21994.0,76158693965555,4496393975,2026-01-04,2026-01-04,0.0,0.0,0.0,99.94,0.0,0.06,98.94420000000001,2026-06-21,,,,,
2026-01-05,22992.0,23100.0,22992.0,79614100744841,4496393975,2026-01-05,2026-01-05,0.0,0.0,0.0,99.99,0.0,0.01,98.94420000000001,2026-06-21,,,,,
2026-01-06,24182.0,24295.0,24182.0,83506284219143,4486993975,2026-01-06,2026-01-06,0.0,0.0,0.0,99.99,0.0,0.01,98.94420000000001,2026-06-21,,,,,
2026-01-07,23979.0,24092.0,23979.0,82805674629648,4486993975,2026-01-07,2026-01-07,0.0,0.0,0.0,99.99,0.0,0.01,98.94420000000001,2026-06-21,,,,,
2026-01-08,23978.0,24091.0,23978.0,82802442847769,4486993975,2026-01-08,2026-01-08,0.0,0.0,0.0,99.99,0.0,0.01,98.94420000000001,2026-06-21,,,,,
2026-01-09,23977.0,24090.0,23977.0,82799211214823,4486993975,2026-01-09,2026-01-09,0.0,0.0,0.0,99.99,0.0,0.01,98.94420000000001,2026-06-21,,,,,
2026-01-10,22346.0,22451.0,22346.0,77330079117215,4494293976,2026-01-10,2026-01-10,0.0,0.0,0.0,99.99,0.0,0.01,98.94420000000001,2026-06-21,,,,,
2026-01-11,23497.0,23608.0,23497.0,81315198052644,4494293976,2026-01-11,2026-01-11,0.0,0.0,0.0,99.99,0.0,0.01,98.94420000000001,2026-06-21,,,,,
2026-01-12,23352.0,23462.0,23352.0,80812772841427,4494293976,2026-01-12,2026-01-12,0.0,0.0,0.0,99.99,0.0,0.01,98.94420000000001,2026-06-21,,,,,
2026-01-13,22949.0,23057.0,22949.0,79418265613699,4494293976,2026-01-13,2026-01-13,0.0,0.0,0.0,99.93,0.0,0.07,98.94420000000001,2026-06-21,,,,,
2026-01-14,23284.0,23393.0,23284.0,80574952605495,4494293976,2026-01-14,2026-01-14,0.0,0.0,0.0,99.93,0.0,0.07,98.94420000000001,2026-06-21,,,,,
2026-01-15,23283.0,23392.0,23283.0,80571786819722,4494293976,2026-01-15,2026-01-15,0.0,0.0,0.0,99.93,0.0,0.07,98.94420000000001,2026-06-21,,,,,
2026-01-16,23282.0,23391.0,23282.0,80568621085012,4494293976,2026-01-16,2026-01-16,0.0,0.0,0.0,99.93,0.0,0.07,98.94420000000001,2026-06-21,,,,,
2026-01-17,23281.0,23391.0,23281.0,80565455401516,4494293976,2026-01-17,2026-01-17,0.0,0.0,0.0,99.93,0.0,0.07,98.94420000000001,2026-06-21,,,,,
2026-01-18,22587.0,22693.0,22587.0,78164194819135,4494293976,2026-01-18,2026-01-18,0.0,0.0,0.0,99.98,0.0,0.02,98.94420000000001,2026-06-21,,,,,
2026-01-19,22850.0,22958.0,22850.0,79074754039602,4494293976,2026-01-19,2026-01-19,0.0,0.0,0.0,99.97,0.01,0.02,98.94420000000001,2026-06-21,,,,,
2026-01-20,23158.0,23267.0,23158.0,81398538197019,4548593976,2026-01-20,2026-01-20,0.0,0.0,0.0,99.97,0.01,0.02,98.94420000000001,2026-06-21,,,,,
2026-01-21,23849.0,23962.0,23849.0,83828302326404,4548593976,2026-01-21,2026-01-21,0.0,0.0,0.0,99.97,0.0,0.03,98.94420000000001,2026-06-21,,,,,
2026-01-22,23849.0,23961.0,23849.0,83825015852212,4548593976,2026-01-22,2026-01-22,0.0,0.0,0.0,99.97,0.0,0.03,98.94420000000001,2026-06-21,,,,,
2026-01-23,23848.0,23960.0,23848.0,83821729402895,4548593976,2026-01-23,2026-01-23,0.0,0.0,0.0,99.97,0.0,0.03,98.94420000000001,2026-06-21,,,,,
2026-01-24,24661.0,24777.0,24661.0,86681028052279,4548593976,2026-01-24,2026-01-24,0.0,0.0,0.0,99.97,0.0,0.03,98.94420000000001,2026-06-21,,,,,
2026-01-25,25090.0,25208.0,25090.0,88066999540584,4543793976,2026-01-25,2026-01-25,0.0,0.0,0.0,99.97,0.0,0.03,98.94420000000001,2026-06-21,,,,,
2026-01-26,26274.0,26399.0,26274.0,92225022191951,4543793976,2026-01-26,2026-01-26,0.0,0.0,0.0,99.84,0.0,0.16,98.94420000000001,2026-06-21,,,,,
2026-01-27,28258.0,28392.0,28258.0,99187970661293,4543793976,2026-01-27,2026-01-27,0.0,0.0,0.0,99.84,0.0,0.16,98.94420000000001,2026-06-21,,,,,
2026-01-28,30075.0,30219.0,30075.0,105565993509652,4543793976,2026-01-28,2026-01-28,0.0,0.0,0.0,99.97,0.0,0.03,98.94420000000001,2026-06-21,,,,,
2026-01-29,30074.0,30217.0,30074.0,105562110633342,4543793976,2026-01-29,2026-01-29,0.0,0.0,0.0,99.97,0.0,0.03,98.94420000000001,2026-06-21,,,,,
2026-01-30,30073.0,30216.0,30073.0,105558227786703,4543793976,2026-01-30,2026-01-30,0.0,0.0,0.0,99.97,0.0,0.03,98.94420000000001,2026-06-21,,,,,
2026-01-31,28563.0,28699.0,28563.0,100257709120780,4543793976,2026-01-31,2026-01-31,0.0,0.0,0.0,99.97,0.0,0.03,98.94420000000001,2026-06-21,,,,,
2026-02-01,27568.0,27699.0,27568.0,96764762310887,4543793976,2026-02-01,2026-02-01,0.0,0.0,0.0,99.97,0.0,0.03,98.94420000000001,2026-06-21,,,,,
2026-02-02,25901.0,26025.0,25901.0,89880228200857,4503793976,2026-02-02,2026-02-02,0.0,0.0,0.0,99.97,0.0,0.03,98.94420000000001,2026-06-21,,,,,
2026-02-03,27322.0,27453.0,27322.0,94486230124044,4491893976,2026-02-03,2026-02-03,0.0,0.0,0.0,99.96,0.0,0.04,98.94420000000001,2026-06-21,,,,,
2026-02-04,27321.0,27452.0,27321.0,94482673285952,4491893976,2026-02-04,2026-02-04,0.0,0.0,0.0,99.96,0.0,0.04,98.94420000000001,2026-06-21,,,,,
2026-02-05,27321.0,27452.0,27321.0,94481718178292,4491893976,2026-02-05,2026-02-05,0.0,0.0,0.0,99.96,0.0,0.04,98.94420000000001,2026-06-21,,,,,
2026-02-06,27320.0,27451.0,27320.0,94478161118009,4491893976,2026-02-06,2026-02-06,0.0,0.0,0.0,99.96,0.0,0.04,98.94420000000001,2026-06-21,,,,,
2026-02-07,26959.0,27088.0,26959.0,92316216098746,4457993976,2026-02-07,2026-02-07,0.0,0.0,0.0,99.96,0.0,0.04,98.94420000000001,2026-06-21,,,,,
2026-02-08,27800.0,27933.0,27800.0,95193982090388,4457993976,2026-02-08,2026-02-08,0.0,0.0,0.0,99.96,0.0,0.04,98.94420000000001,2026-06-21,,,,,
2026-02-09,27478.0,27602.0,27478.0,105042102662338,4856493976,2026-02-09,2026-02-09,0.0,0.0,0.0,99.96,0.0,0.04,98.94420000000001,2026-06-21,,,,,
2026-02-10,27207.0,27337.0,27207.0,104228291765403,4864593979,2026-02-10,2026-02-10,0.0,0.0,0.0,99.97,0.0,0.03,98.94420000000001,2026-06-21,,,,,
2026-02-11,27206.0,27336.0,27206.0,104224422992763,4864593979,2026-02-11,2026-02-11,0.0,0.0,0.0,99.97,0.0,0.03,98.94420000000001,2026-06-21,,,,,
2026-02-12,27205.0,27335.0,27205.0,104220554255810,4864593979,2026-02-12,2026-02-12,0.0,0.0,0.0,99.97,0.0,0.03,98.94420000000001,2026-06-21,,,,,
2026-02-13,27204.0,27334.0,27204.0,104216677387959,4864593979,2026-02-13,2026-02-13,0.0,0.0,0.0,99.97,0.0,0.03,98.94420000000001,2026-06-21,,,,,
2026-02-14,26499.0,26626.0,26499.0,101020001717230,4845893979,2026-02-14,2026-02-14,0.0,0.0,0.0,99.96,0.0,0.04,98.94420000000001,2026-06-21,,,,,
2026-02-15,26956.0,27086.0,26956.0,102762242759137,4845893979,2026-02-15,2026-02-15,0.0,0.0,0.0,99.97,0.0,0.03,98.94420000000001,2026-06-21,,,,,
2026-02-16,26327.0,26453.0,26327.0,100100070882647,4835893979,2026-02-16,2026-02-16,0.0,0.0,0.0,99.96,0.0,0.04,98.94420000000001,2026-06-21,,,,,
2026-02-17,26094.0,26219.0,26094.0,99213639111596,4835893979,2026-02-17,2026-02-17,0.0,0.0,0.0,99.97,0.0,0.03,98.94420000000001,2026-06-21,,,,,
2026-02-18,25965.0,26090.0,25965.0,98522789574713,4828093979,2026-02-18,2026-02-18,0.0,0.0,0.0,99.97,0.0,0.03,98.94420000000001,2026-06-21,,,,,
2026-02-19,25964.0,26089.0,25964.0,98519064158591,4828093979,2026-02-19,2026-02-19,0.0,0.0,0.0,99.97,0.0,0.03,98.94420000000001,2026-06-21,,,,,
2026-02-20,25963.0,26088.0,25963.0,98515338904753,4828093979,2026-02-20,2026-02-20,0.0,0.0,0.0,99.97,0.0,0.03,98.94420000000001,2026-06-21,,,,,
2026-02-21,25917.0,26040.0,25917.0,100699219623943,4919093979,2026-02-21,2026-02-21,0.0,0.0,0.0,99.97,0.0,0.03,98.94420000000001,2026-06-21,,,,,
2026-02-22,25167.0,25284.0,25167.0,106129179970127,5250693979,2026-02-22,2026-02-22,0.0,0.0,0.0,99.97,0.0,0.03,98.94420000000001,2026-06-21,,,,,
2026-02-23,25122.0,25241.0,25122.0,104954480090006,5211493979,2026-02-23,2026-02-23,0.0,0.0,0.0,99.97,0.0,0.03,98.94420000000001,2026-06-21,,,,,
2026-02-24,25160.0,25281.0,25160.0,104508673537310,5187493979,2026-02-24,2026-02-24,0.0,0.0,0.0,99.96,0.0,0.04,98.94420000000001,2026-06-21,,,,,
2026-02-25,24422.0,24539.0,24422.0,100811975587454,5161693979,2026-02-25,2026-02-25,0.0,0.0,0.0,99.97,0.0,0.03,98.94420000000001,2026-06-21,,,,,
2026-02-26,24421.0,24538.0,24421.0,100808140450290,5161693979,2026-02-26,2026-02-26,0.0,0.0,0.0,99.97,0.0,0.03,98.94420000000001,2026-06-21,,,,,
2026-02-27,24420.0,24537.0,24420.0,100804305346868,5161693979,2026-02-27,2026-02-27,0.0,0.0,0.0,99.97,0.0,0.03,98.94420000000001,2026-06-21,,,,,
2026-02-28,24419.0,24536.0,24419.0,100800470277254,5161693979,2026-02-28,2026-02-28,0.0,0.0,0.0,99.97,0.0,0.03,98.94420000000001,2026-06-21,,,,,
2026-03-01,24418.0,24536.0,24418.0,100796635399117,5161693979,2026-03-01,2026-03-01,0.0,0.0,0.0,99.97,0.0,0.03,98.94420000000001,2026-06-21,,,,,
2026-03-02,24417.0,24535.0,24417.0,100792800554919,5161693979,2026-03-02,2026-03-02,0.0,0.0,0.0,99.97,0.0,0.03,98.94420000000001,2026-06-21,,,,,
2026-03-03,24416.0,24534.0,24416.0,100788965744724,5161693979,2026-03-03,2026-03-03,0.0,0.0,0.0,99.97,0.0,0.03,98.94420000000001,2026-06-21,,,,,
2026-03-04,24415.0,24533.0,24415.0,100785130968600,5161693979,2026-03-04,2026-03-04,0.0,0.0,0.0,99.97,0.0,0.03,98.94420000000001,2026-06-21,,,,,
2026-03-05,24414.0,24532.0,24414.0,100781296226612,5161693979,2026-03-05,2026-03-05,0.0,0.0,0.0,99.97,0.0,0.03,98.94420000000001,2026-06-21,,,,,
2026-03-06,24413.0,24531.0,24413.0,100777461518828,5161693979,2026-03-06,2026-03-06,0.0,0.0,0.0,99.97,0.0,0.03,98.94420000000001,2026-06-21,,,,,
2026-03-07,24412.0,24530.0,24412.0,100773620995372,5161693979,2026-03-07,2026-03-07,0.0,0.0,0.0,99.97,0.0,0.03,98.94420000000001,2026-06-21,,,,,
2026-03-08,24411.0,24529.0,24411.0,100769786108535,5161693979,2026-03-08,2026-03-08,0.0,0.0,0.0,99.08,0.0,0.92,98.94420000000001,2026-06-21,,,,,
2026-03-09,24410.0,24528.0,24410.0,100765951255435,5161693979,2026-03-09,2026-03-09,0.0,0.0,0.0,99.97,0.0,0.03,98.94420000000001,2026-06-21,,,,,
2026-03-10,24409.0,24527.0,24409.0,100762116436136,5161693979,2026-03-10,2026-03-10,0.0,0.0,0.0,99.97,0.0,0.03,98.94420000000001,2026-06-21,,,,,
2026-03-11,24409.0,24526.0,24409.0,100758281682660,5161693979,2026-03-11,2026-03-11,0.0,0.0,0.0,99.97,0.0,0.03,98.94420000000001,2026-06-21,,,,,
2026-03-12,24408.0,24525.0,24408.0,100754446931163,5161693979,2026-03-12,2026-03-12,0.0,0.0,0.0,99.97,0.0,0.03,98.94420000000001,2026-06-21,,,,,
2026-03-13,24407.0,24524.0,24407.0,100750612213663,5161693979,2026-03-13,2026-03-13,0.0,0.0,0.0,99.97,0.0,0.03,98.94420000000001,2026-06-21,,,,,
2026-03-14,24406.0,24523.0,24406.0,100746777530228,5161693979,2026-03-14,2026-03-14,0.0,0.0,0.0,99.97,0.0,0.03,98.94420000000001,2026-06-21,,,,,
2026-03-15,22501.0,22610.0,22501.0,92883781644053,5161693979,2026-03-15,2026-03-15,0.0,0.0,0.0,99.96,0.0,0.04,98.94420000000001,2026-06-21,,,,,
2026-03-16,20640.0,20740.0,20640.0,85203388638501,5161693979,2026-03-16,2026-03-16,0.0,0.0,0.0,99.96,0.0,0.04,98.94420000000001,2026-06-21,,,,,
2026-03-17,22185.0,22292.0,22185.0,91579523164480,5161693979,2026-03-17,2026-03-17,0.0,0.0,0.0,99.96,0.0,0.04,98.94420000000001,2026-06-21,,,,,
2026-03-18,23601.0,23715.0,23601.0,97426798765711,5161693979,2026-03-18,2026-03-18,0.0,0.0,0.0,99.96,0.0,0.04,98.94420000000001,2026-06-21,,,,,
2026-03-19,23601.0,23714.0,23601.0,97423059352010,5161693979,2026-03-19,2026-03-19,0.0,0.0,0.0,99.96,0.0,0.04,98.94420000000001,2026-06-21,,,,,
2026-03-20,23600.0,23714.0,23600.0,97419320036475,5161693979,2026-03-20,2026-03-20,0.0,0.0,0.0,99.96,0.0,0.04,98.94420000000001,2026-06-21,,,,,
2026-03-21,23599.0,23713.0,23599.0,97415624927263,5161693979,2026-03-21,2026-03-21,0.0,0.0,0.0,99.96,0.0,0.04,98.94420000000001,2026-06-21,,,,,
2026-03-22,23598.0,23712.0,23598.0,97411929852059,5161693979,2026-03-22,2026-03-22,0.0,0.0,0.0,99.96,0.0,0.04,98.94420000000001,2026-06-21,,,,,
2026-03-23,23597.0,23711.0,23597.0,97408234810931,5161693979,2026-03-23,2026-03-23,0.0,0.0,0.0,99.96,0.0,0.04,98.94420000000001,2026-06-21,,,,,
2026-03-24,23596.0,23710.0,23596.0,97404539803944,5161693979,2026-03-24,2026-03-24,0.0,0.0,0.0,99.96,0.0,0.04,98.94420000000001,2026-06-21,,,,,
2026-03-25,22341.0,22449.0,22341.0,92223608050405,5161693979,2026-03-25,2026-03-25,0.0,0.0,0.0,99.96,0.0,0.04,98.94420000000001,2026-06-21,,,,,
2026-03-26,22340.0,22448.0,22340.0,92220056825758,5161693979,2026-03-26,2026-03-26,0.0,0.0,0.0,99.96,0.0,0.04,98.94420000000001,2026-06-21,,,,,
2026-03-27,22339.0,22447.0,22339.0,92216505635411,5161693979,2026-03-27,2026-03-27,0.0,0.0,0.0,99.96,0.0,0.04,98.94420000000001,2026-06-21,,,,,
2026-03-28,22104.0,22211.0,22104.0,91184405648058,5158893979,2026-03-28,2026-03-28,0.0,0.0,0.0,99.96,0.0,0.04,98.94420000000001,2026-06-21,,,,,
2026-03-29,21510.0,21614.0,21510.0,88536270560359,5149793979,2026-03-29,2026-03-29,0.0,0.0,0.0,99.96,0.0,0.04,98.94420000000001,2026-06-21,,,,,
2026-03-30,21279.0,21381.0,21279.0,87585266210975,5149793979,2026-03-30,2026-03-30,0.0,0.0,0.0,99.96,0.0,0.04,98.94420000000001,2026-06-21,,,,,
2026-03-31,21867.0,21972.0,21867.0,90004869300434,5149793979,2026-03-31,2026-03-31,0.0,0.0,0.0,99.96,0.0,0.04,98.94420000000001,2026-06-21,,,,,
2026-04-01,21866.0,21971.0,21866.0,90001384690130,5149793979,2026-04-01,2026-04-01,0.0,0.0,0.0,99.96,0.0,0.04,98.94420000000001,2026-06-21,,,,,
2026-04-02,21865.0,21970.0,21865.0,89997900114534,5149793979,2026-04-02,2026-04-02,0.0,0.0,0.0,99.96,0.0,0.04,98.94420000000001,2026-06-21,,,,,
2026-04-03,21864.0,21970.0,21864.0,89994415573716,5149793979,2026-04-03,2026-04-03,0.0,0.0,0.0,99.96,0.0,0.04,98.94420000000001,2026-06-21,,,,,
2026-04-04,22023.0,22129.0,22023.0,90648512860390,5149793979,2026-04-04,2026-04-04,0.0,0.0,0.0,99.96,0.0,0.04,98.94420000000001,2026-06-21,,,,,
2026-04-05,21867.0,21973.0,21867.0,89967462463711,5147993979,2026-04-05,2026-04-05,0.0,0.0,0.0,99.96,0.0,0.04,98.94420000000001,2026-06-21,,,,,
2026-04-06,21908.0,22014.0,21908.0,90135073165389,5147993979,2026-04-06,2026-04-06,0.0,0.0,0.0,99.96,0.0,0.04,98.94420000000001,2026-06-21,,,,,
2026-04-07,22686.0,22795.0,22686.0,93335043634629,5147993979,2026-04-07,2026-04-07,0.0,0.0,0.0,99.96,0.0,0.04,98.94420000000001,2026-06-21,,,,,
2026-04-08,22561.0,22670.0,22561.0,92824022161111,5147993979,2026-04-08,2026-04-08,0.0,0.0,0.0,99.96,0.0,0.04,98.94420000000001,2026-06-21,,,,,
2026-04-09,22560.0,22669.0,22560.0,92820458568268,5147993979,2026-04-09,2026-04-09,0.0,0.0,0.0,99.96,0.0,0.04,98.94420000000001,2026-06-21,,,,,
2026-04-10,22560.0,22669.0,22560.0,92816894977876,5147993979,2026-04-10,2026-04-10,0.0,0.0,0.0,99.96,0.0,0.04,98.94420000000001,2026-06-21,,,,,
2026-04-11,21846.0,21951.0,21846.0,89879764996519,5147993979,2026-04-11,2026-04-11,0.0,0.0,0.0,99.96,0.0,0.04,98.94420000000001,2026-06-21,,,,,
2026-04-12,21941.0,22047.0,21941.0,90493963658238,5158093979,2026-04-12,2026-04-12,0.0,0.0,0.0,99.96,0.0,0.04,98.94420000000001,2026-06-21,,,,,
2026-04-13,22097.0,22203.0,22097.0,91821518980465,5189093979,2026-04-13,2026-04-13,0.0,0.0,0.0,99.96,0.0,0.04,98.94420000000001,2026-06-21,,,,,
2026-04-14,22096.0,22202.0,22096.0,91817388108388,5189093979,2026-04-14,2026-04-14,0.0,0.0,0.0,99.96,0.0,0.04,98.94420000000001,2026-06-21,,,,,
2026-04-15,21783.0,21888.0,21783.0,91915963787797,5253293979,2026-04-15,2026-04-15,0.0,0.0,0.0,99.61,0.0,0.39,98.94420000000001,2026-06-21,,,,,
2026-04-16,21782.0,21887.0,21782.0,91912025059685,5253293979,2026-04-16,2026-04-16,0.0,0.0,0.0,99.61,0.0,0.39,98.94420000000001,2026-06-21,,,,,
2026-04-17,21781.0,21886.0,21781.0,91908086682084,5253293979,2026-04-17,2026-04-17,0.0,0.0,0.0,99.61,0.0,0.39,98.94420000000001,2026-06-21,,,,,
2026-04-18,21506.0,21610.0,21506.0,90567319616307,5244893979,2026-04-18,2026-04-18,0.0,0.0,0.0,99.6,0.0,0.4,98.94420000000001,2026-06-21,,,,,
2026-04-19,21286.0,21388.0,21286.0,91240268582023,5320093979,2026-04-19,2026-04-19,0.0,0.0,0.0,99.61,0.0,0.39,98.94420000000001,2026-06-21,,,,,
2026-04-20,20845.0,20944.0,20845.0,90770089076611,5388293979,2026-04-20,2026-04-20,0.0,0.0,0.0,99.61,0.0,0.39,98.94420000000001,2026-06-21,,,,,
2026-04-21,20857.0,20957.0,20857.0,91667485392963,5428793979,2026-04-21,2026-04-21,0.0,0.0,0.0,98.98,0.0,1.02,98.94420000000001,2026-06-21,,,,,
2026-04-22,20954.0,21054.0,20954.0,93748958599528,5507793979,2026-04-22,2026-04-22,0.0,0.0,0.0,99.62,0.0,0.38,98.94420000000001,2026-06-21,,,,,
2026-04-23,20953.0,21053.0,20953.0,93744924012103,5507793979,2026-04-23,2026-04-23,0.0,0.0,0.0,99.62,0.0,0.38,98.94420000000001,2026-06-21,,,,,
2026-04-24,20952.0,21052.0,20952.0,93740889758851,5507793979,2026-04-24,2026-04-24,0.0,0.0,0.0,99.62,0.0,0.38,98.94420000000001,2026-06-21,,,,,
2026-04-25,20578.0,20676.0,20578.0,93206036265711,5562993979,2026-04-25,2026-04-25,0.0,0.0,0.0,98.94,0.0,1.06,98.94420000000001,2026-06-21,,,,,
2026-04-26,19550.0,19637.0,19550.0,101443351099746,6222593979,2026-04-26,2026-04-26,0.0,0.0,0.0,99.01,0.0,0.99,98.94420000000001,2026-06-21,,,,,
2026-04-27,20705.0,20798.0,20705.0,107890804218384,6244593979,2026-04-27,2026-04-27,0.0,0.0,0.0,98.37,0.0,1.63,98.94420000000001,2026-06-21,,,,,
2026-04-28,22073.0,22174.0,22073.0,117430062082114,6353693979,2026-04-28,2026-04-28,0.0,0.0,0.0,99.98,0.0,0.02,98.94420000000001,2026-06-21,,,,,
2026-04-29,23471.0,23584.0,23471.0,126471247167381,6421993979,2026-04-29,2026-04-29,0.0,0.0,0.0,99.98,0.0,0.02,98.94420000000001,2026-06-21,,,,,
2026-04-30,23470.0,23583.0,23470.0,126465769691869,6421993979,2026-04-30,2026-04-30,0.0,0.0,0.0,99.98,0.0,0.02,98.94420000000001,2026-06-21,,,,,
2026-05-01,23469.0,23582.0,23469.0,126460292239441,6421993979,2026-05-01,2026-05-01,0.0,0.0,0.0,99.98,0.0,0.02,98.94420000000001,2026-06-21,,,,,
2026-05-02,24110.0,24226.0,24110.0,131215539075453,6476093979,2026-05-02,2026-05-02,0.0,0.0,0.0,99.98,0.0,0.02,98.94420000000001,2026-06-21,,,,,
2026-05-03,24857.0,24977.0,24857.0,135998028735056,6504893979,2026-05-03,2026-05-03,0.0,0.0,0.0,99.95,0.0,0.05,98.94420000000001,2026-06-21,,,,,
2026-05-04,24371.0,24488.0,24371.0,133014813588686,6491693979,2026-05-04,2026-05-04,0.0,0.0,0.0,99.98,0.0,0.02,98.94420000000001,2026-06-21,,,,,
2026-05-05,23409.0,23518.0,23409.0,132585233196372,6697493979,2026-05-05,2026-05-05,0.0,0.0,0.0,99.98,0.0,0.02,98.94420000000001,2026-06-21,,,,,
2026-05-06,23649.0,23762.0,23649.0,135217779705394,6751493979,2026-05-06,2026-05-06,0.0,0.0,0.0,99.97,0.0,0.03,98.94420000000001,2026-06-21,,,,,
2026-05-07,23648.0,23761.0,23648.0,135211979803978,6751493979,2026-05-07,2026-05-07,0.0,0.0,0.0,99.97,0.0,0.03,98.94420000000001,2026-06-21,,,,,
2026-05-08,23647.0,23760.0,23647.0,135206106556659,6751493979,2026-05-08,2026-05-08,0.0,0.0,0.0,99.97,0.0,0.03,98.94420000000001,2026-06-21,,,,,
2026-05-09,23912.0,24027.0,23912.0,137867886835605,6799393979,2026-05-09,2026-05-09,0.0,0.0,0.0,99.98,0.0,0.02,98.94420000000001,2026-06-21,,,,,
2026-05-10,23859.0,23974.0,23859.0,138516919681666,6839393979,2026-05-10,2026-05-10,0.0,0.0,0.0,99.98,0.0,0.02,98.94420000000001,2026-06-21,,,,,
2026-05-11,24675.0,24794.0,24675.0,144138051005442,6875093979,2026-05-11,2026-05-11,0.0,0.0,0.0,99.98,0.0,0.02,98.94420000000001,2026-06-21,,,,,
2026-05-13,23721.0,23828.0,23721.0,164008352600683,6914093979,2026-05-13,2026-05-13,0.0,0.0,0.0,99.98,0.0,0.02,98.94420000000001,2026-06-21,,,,,
2026-05-14,23720.0,23827.0,23720.0,164001666496340,6914093979,2026-05-14,2026-05-14,0.0,0.0,0.0,99.98,0.0,0.02,98.94420000000001,2026-06-21,,,,,
2026-05-15,23719.0,23826.0,23719.0,163994992684509,6914093979,2026-05-15,2026-05-15,0.0,0.0,0.0,99.98,0.0,0.02,98.94420000000001,2026-06-21,,,,,
2026-05-16,23100.0,23209.0,23100.0,160498546543136,6947993979,2026-05-16,2026-05-16,0.0,0.0,0.0,99.98,0.0,0.02,98.94420000000001,2026-06-21,,,,,
2026-05-17,23113.0,23222.0,23113.0,161240858184055,6976293979,2026-05-17,2026-05-17,0.0,0.0,0.0,99.98,0.0,0.02,98.94420000000001,2026-06-21,,,,,
2026-05-18,22698.0,22806.0,22698.0,158345852888328,6976293979,2026-05-18,2026-05-18,0.0,0.0,0.0,99.98,0.0,0.02,98.94420000000001,2026-06-21,,,,,
2026-05-19,22570.0,22679.0,22570.0,158872613515419,7038993979,2026-05-19,2026-05-19,0.0,0.0,0.0,99.98,0.0,0.02,98.94420000000001,2026-06-21,,,,,
2026-05-20,22856.0,22966.0,22856.0,162131359519325,7093493979,2026-05-20,2026-05-20,0.0,0.0,0.0,99.98,0.0,0.02,98.94420000000001,2026-06-21,,,,,
2026-05-21,22855.0,22965.0,22855.0,162124296744080,7093493979,2026-05-21,2026-05-21,0.0,0.0,0.0,99.98,0.0,0.02,98.94420000000001,2026-06-21,,,,,
2026-05-22,22854.0,22964.0,22854.0,162117231822966,7093493979,2026-05-22,2026-05-22,0.0,0.0,0.0,99.98,0.0,0.02,98.94420000000001,2026-06-21,,,,,
2026-05-23,22297.0,22404.0,22297.0,158213156381200,7095793979,2026-05-23,2026-05-23,0.0,0.0,0.0,99.98,0.0,0.02,98.94420000000001,2026-06-21,,,,,
2026-05-24,21352.0,21455.0,21352.0,152577119344342,7145793979,2026-05-24,2026-05-24,0.0,0.0,0.0,99.98,0.0,0.02,98.94420000000001,2026-06-21,,,,,
2026-05-25,21692.0,21796.0,21692.0,155442584857048,7165893979,2026-05-25,2026-05-25,0.0,0.0,0.0,99.98,0.0,0.02,98.94420000000001,2026-06-21,,,,,
2026-05-26,21457.0,21559.0,21457.0,157850424654612,7356593979,2026-05-26,2026-05-26,0.0,0.0,0.0,99.98,0.0,0.02,98.94420000000001,2026-06-21,,,,,
2026-05-27,21456.0,21558.0,21456.0,157842584485141,7356593979,2026-05-27,2026-05-27,0.0,0.0,0.0,99.98,0.0,0.02,98.94420000000001,2026-06-21,,,,,
2026-05-28,21455.0,21557.0,21455.0,157834744348788,7356593979,2026-05-28,2026-05-28,0.0,0.0,0.0,99.98,0.0,0.02,98.94420000000001,2026-06-21,,,,,
2026-05-29,21454.0,21556.0,21454.0,157826904245615,7356593979,2026-05-29,2026-05-29,0.0,0.0,0.0,99.98,0.0,0.02,98.94420000000001,2026-06-21,,,,,
2026-05-30,20880.0,20980.0,20880.0,158484918591063,7590193979,2026-05-30,2026-05-30,0.0,0.0,0.0,99.98,0.0,0.02,98.94420000000001,2026-06-21,,,,,
2026-05-31,20904.0,21004.0,20904.0,162376616339844,7767693979,2026-05-31,2026-05-31,0.0,0.0,0.0,99.98,0.0,0.02,98.94420000000001,2026-06-21,,,,,
2026-06-01,21224.0,21322.0,21224.0,176657516372402,8323593979,2026-06-01,2026-06-01,0.0,0.0,0.0,99.98,0.0,0.02,98.94420000000001,2026-06-21,,,,,
2026-06-02,21006.0,21108.0,21006.0,174183463951918,8291893979,2026-06-02,2026-06-02,0.0,0.0,0.0,99.98,0.01,0.01,98.94420000000001,2026-06-21,,,,,
2026-06-03,20941.0,21041.0,20941.0,173945487481425,8306593979,2026-06-03,2026-06-03,0.0,0.0,0.0,99.98,0.01,0.01,98.94420000000001,2026-06-21,,,,,
2026-06-04,20940.0,21040.0,20940.0,173936744237312,8306593979,2026-06-04,2026-06-04,0.0,0.0,0.0,99.98,0.01,0.01,98.94420000000001,2026-06-21,,,,,
2026-06-05,20939.0,21039.0,20939.0,173928001006819,8306593979,2026-06-05,2026-06-05,0.0,0.0,0.0,99.98,0.01,0.01,98.94420000000001,2026-06-21,,,,,
2026-06-06,19897.0,19993.0,19897.0,165584748241531,8321993979,2026-06-06,2026-06-06,0.0,0.0,0.0,99.98,0.01,0.01,98.94420000000001,2026-06-21,,,,,
2026-06-07,20861.0,20961.0,20861.0,175693472596814,8421993979,2026-06-07,2026-06-07,0.0,0.0,0.0,99.98,0.01,0.01,98.94420000000001,2026-06-21,,,,,
2026-06-08,20407.0,20505.0,20407.0,171777360653375,8417693979,2026-06-08,2026-06-08,0.0,0.0,0.0,99.99,0.0,0.01,98.94420000000001,2026-06-21,,,,,
2026-06-09,20203.0,20300.0,20203.0,169581184333707,8393793979,2026-06-09,2026-06-09,0.0,0.0,0.0,99.99,0.0,0.01,98.94420000000001,2026-06-21,,,,,
2026-06-10,19764.0,19859.0,19764.0,165868989712873,8392593979,2026-06-10,2026-06-10,0.0,0.0,0.0,99.99,0.0,0.01,98.94420000000001,2026-06-21,,,,,
2026-06-11,19763.0,19858.0,19763.0,165860617980755,8392593979,2026-06-11,2026-06-11,0.0,0.0,0.0,99.99,0.0,0.01,98.94420000000001,2026-06-21,,,,,
2026-06-12,19762.0,19857.0,19762.0,165852100798600,8392593979,2026-06-12,2026-06-12,0.0,0.0,0.0,99.99,0.0,0.01,98.94420000000001,2026-06-21,,,,,
2026-06-13,18510.0,18599.0,18510.0,154134594716944,8327093979,2026-06-13,2026-06-13,0.0,0.0,0.0,99.99,0.0,0.01,98.94420000000001,2026-06-21,,,,,
2026-06-14,18905.0,18996.0,18905.0,157537908633235,8333193979,2026-06-14,2026-06-14,0.0,0.0,0.0,99.99,0.0,0.01,98.94420000000001,2026-06-21,,,,,
2026-06-15,18436.0,18525.0,18436.0,154313154804408,8370193979,2026-06-15,2026-06-15,0.0,0.0,0.0,99.93,0.0,0.07,98.94420000000001,2026-06-21,,,,,
2026-06-16,17494.0,17578.0,17494.0,146319762330380,8363993979,2026-06-16,2026-06-16,0.0,0.0,0.0,99.93,0.0,0.07,98.94420000000001,2026-06-21,,,,,
2026-06-17,17648.0,17733.0,17648.0,147834503395539,8376993979,2026-06-17,2026-06-17,0.0,0.0,0.0,99.93,0.0,0.07,98.94420000000001,2026-06-21,,,,,
2026-06-18,17647.0,17732.0,17647.0,147826653274760,8376993979,2026-06-18,2026-06-18,0.0,0.0,0.0,99.93,0.0,0.07,98.94420000000001,2026-06-21,,,,,
2026-06-19,17646.0,17731.0,17646.0,147818803228095,8376993979,2026-06-19,2026-06-19,0.0,0.0,0.0,99.93,0.0,0.07,98.94420000000001,2026-06-21,,,,,
2026-06-20,17927.0,18013.0,17927.0,151178422220975,8432993979,2026-06-20,2026-06-20,0.0,0.0,0.0,99.93,0.0,0.07,98.94420000000001,2026-06-21,,,,,
2026-06-21,17145.0,17227.0,17145.0,144525598535480,8429793979,2026-06-21,2026-06-21,0.0,0.0,0.0,99.93,0.0,0.07,98.94420000000001,2026-06-21,198.94420000000002,,,,
2026-06-22,17269.0,17352.0,17269.0,145276154422635,8412593979,2026-06-22,2026-06-22,0.0,0.0,0.0,99.93,0.0,0.07,98.94420000000001,2026-06-21,,,,,
2026-06-23,17155.0,17238.0,17155.0,144019841592630,8395093979,2026-06-23,2026-06-23,0.0,0.0,0.0,99.93,0.0,0.07,98.94420000000001,2026-06-21,,,,,
2026-06-24,17154.0,17237.0,17154.0,144012111406602,8395093979,2026-06-24,2026-06-24,0.0,0.0,0.0,99.93,0.0,0.07,98.94420000000001,2026-06-21,,,,,
2026-06-25,17153.0,17236.0,17153.0,144004381318022,8395093979,2026-06-25,2026-06-25,0.0,0.0,0.0,99.93,0.0,0.07,98.94420000000001,2026-06-21,,,,,
2026-06-26,17152.0,17235.0,17152.0,143996651327084,8395093979,2026-06-26,2026-06-26,0.0,0.0,0.0,99.93,0.0,0.07,98.94420000000001,2026-06-21,,,,,
2026-06-27,17384.0,17468.0,17384.0,145941090801519,8395093979,2026-06-27,2026-06-27,0.0,0.0,0.0,99.93,0.0,0.07,98.94420000000001,2026-06-21,,,,,
2026-06-28,17946.0,18032.0,17946.0,150514322639884,8387093979,2026-06-28,2026-06-28,0.0,0.0,0.0,99.93,0.0,0.07,98.94420000000001,2026-06-21,,,,,
2026-06-29,17445.0,17530.0,17445.0,146037412386404,8371093979,2026-06-29,2026-06-29,0.0,0.0,0.0,99.98,0.0,0.01,98.94420000000001,2026-06-21,,,,,
2026-06-30,17564.0,17648.0,17564.0,147367609330933,8390293979,2026-06-30,2026-06-30,0.0,0.0,0.0,99.99,0.0,0.01,98.94420000000001,2026-06-21,,,,,
2026-07-01,18045.0,18132.0,18045.0,151219535274595,8380293979,2026-07-01,2026-07-01,0.0,0.0,0.0,99.99,0.0,0.01,98.94420000000001,2026-06-21,,,,,
2026-07-02,18044.0,18131.0,18044.0,151211704806991,8380293979,2026-07-02,2026-07-02,0.0,0.0,0.0,99.99,0.0,0.01,98.94420000000001,2026-06-21,,,,,
2026-07-03,18043.0,18130.0,18043.0,151203874363460,8380293979,2026-07-03,2026-07-03,0.0,0.0,0.0,99.99,0.0,0.01,98.94420000000001,2026-06-21,,,,,
2026-07-04,18042.0,18129.0,18042.0,151196043944044,8380293979,2026-07-04,2026-07-04,0.0,0.0,0.0,99.99,0.0,0.01,98.94420000000001,2026-06-21,,,,,
2026-07-05,18041.0,18128.0,18041.0,151188213548790,8380293979,2026-07-05,2026-07-05,0.0,0.0,0.0,99.99,0.0,0.01,98.94420000000001,2026-06-21,,,,,
2026-07-06,18040.0,18127.0,18040.0,151180383177738,8380293979,2026-07-06,2026-07-06,0.0,0.0,0.0,99.99,0.0,0.01,98.94420000000001,2026-06-21,,,,,
2026-07-07,18610.0,18700.0,18610.0,155959080189342,8380293979,2026-07-07,2026-07-07,0.0,0.0,0.0,99.99,0.0,0.01,98.94420000000001,2026-06-21,,,,,
2026-07-08,18859.0,18950.0,18859.0,158042666252073,8380293979,2026-07-08,2026-07-08,0.0,0.0,0.0,99.99,0.0,0.01,98.94420000000001,2026-06-21,,,,,
2026-07-09,18858.0,18949.0,18858.0,158034600958733,8380293979,2026-07-09,2026-07-09,0.0,0.0,0.0,99.99,0.0,0.01,98.94420000000001,2026-06-21,,,,,
2026-07-10,18857.0,18948.0,18857.0,158026535681015,8380293979,2026-07-10,2026-07-10,0.0,0.0,0.0,99.99,0.0,0.01,98.94420000000001,2026-06-21,,,,,
2026-07-11,18379.0,18468.0,18379.0,154021524586400,8380293979,2026-07-11,2026-07-11,0.0,0.0,0.0,99.99,0.0,0.01,98.94420000000001,2026-06-21,,,,,
2026-07-12,18407.0,18496.0,18407.0,153889222906286,8360293979,2026-07-12,2026-07-12,0.0,0.0,0.0,99.99,0.0,0.01,98.94420000000001,2026-06-21,,,,,
2026-07-13,18423.0,18512.0,18423.0,153393997367501,8326293979,2026-07-13,2026-07-13,0.0,0.0,0.0,99.99,0.0,0.01,98.94420000000001,2026-06-21,,,,,
2026-07-14,18685.0,18775.0,18685.0,154734174973984,8281293979,2026-07-14,2026-07-14,0.0,0.0,0.0,99.99,0.0,0.01,98.94420000000001,2026-06-21,,,,,
2026-07-15,19025.0,19117.0,19025.0,160583293865633,8440593979,2026-07-15,2026-07-15,0.0,0.0,0.0,99.94,0.0,0.06,98.94420000000001,2026-06-21,,,,,
2026-07-16,19024.0,19116.0,19024.0,160575126104759,8440593979,2026-07-16,2026-07-16,0.0,0.0,0.0,99.94,0.0,0.06,98.94420000000001,2026-06-21,,,,,
2026-07-17,19023.0,19115.0,19023.0,160566958344624,8440593979,2026-07-17,2026-07-17,0.0,0.0,0.0,99.94,0.0,0.06,98.94420000000001,2026-06-21,,,,,
2026-07-18,19158.0,19250.0,19158.0,164444967970462,8583593979,2026-07-18,2026-07-18,0.0,0.0,0.0,99.99,0.0,0.01,98.94420000000001,2026-06-21,,,,,
