تاریخ,قیمت ابطال,قیمت صدور,قیمت آماری,ارزش خالص دارایی‌ها,تعداد واحدهای سرمایه‌گذاری شده
2026-07-17,147855.0,148542.0,147855.0,380786200917553,2575399999
2026-07-16,147861.0,148547.0,147861.0,380801080212557,2575399999
2026-07-15,147867.0,148553.0,147867.0,380815959508906,2575399999
2026-07-14,143818.0,144487.0,143818.0,368160406641617,2559899999
2026-07-13,141568.0,142227.0,141568.0,360841456033974,2548899999
2026-07-12,140825.0,141481.0,140825.0,358935444904393,2548799999
2026-07-11,140473.0,141128.0,140473.0,357222975039411,2542999999
2026-07-10,143944.0,144616.0,143944.0,366035414266936,2542899999
2026-07-09,143950.0,144621.0,143950.0,366049881007749,2542899999
2026-07-08,143955.0,144627.0,143955.0,366064347759310,2542899999
2026-07-07,141443.0,142104.0,141443.0,359322482672907,2540399999
2026-07-06,137467.0,138109.0,137467.0,349221668082126,2540399999
2026-07-05,137473.0,138114.0,137473.0,349235677202857,2540399999
2026-07-04,137478.0,138120.0,137478.0,349249686206237,2540399999
2026-07-03,137484.0,138125.0,137484.0,349263695329501,2540399999
2026-07-02,137489.0,138131.0,137489.0,349277704454031,2540399999
2026-07-01,137495.0,138136.0,137495.0,349291714839829,2540399999
2026-06-30,133911.0,134535.0,133911.0,340454486465484,2542399999
2026-06-29,132693.0,133312.0,132693.0,336961314996061,2539399999
2026-06-28,135546.0,136177.0,135546.0,344204349427324,2539399999
2026-06-27,129803.0,130408.0,129803.0,329361069927468,2537399999
2026-06-26,126640.0,127230.0,126640.0,321336275136601,2537399999
2026-06-25,126645.0,127236.0,126645.0,321349730569271,2537399999
2026-06-24,126651.0,127241.0,126651.0,321363186003157,2537399999
2026-06-23,126656.0,127246.0,126656.0,321376641438259,2537399999
2026-06-22,126735.0,127326.0,126735.0,321538956402171,2537099999
2026-06-21,126807.0,127398.0,126807.0,322736662399205,2545099999
2026-06-20,131640.0,132254.0,131640.0,334957230589913,2544499999
2026-06-19,128811.0,129410.0,128811.0,327682325897291,2543899999
2026-06-18,128816.0,129415.0,128816.0,327695939417070,2543899999
2026-06-17,128822.0,129420.0,128822.0,327709552938080,2543899999
2026-06-16,127428.0,128021.0,127428.0,323042692401496,2535099999
2026-06-15,134035.0,134660.0,134035.0,339391275382948,2532099999
2026-06-14,138002.0,138645.0,138002.0,349462496901380,2532299999
2026-06-13,137087.0,137726.0,137087.0,346898660863878,2530499999
2026-06-12,143191.0,143859.0,143191.0,362345409430396,2530499999
2026-06-11,143197.0,143865.0,143197.0,362359982410223,2530499999
2026-06-10,143203.0,143871.0,143203.0,362374555391368,2530499999
2026-06-09,143832.0,144503.0,143832.0,363967846438653,2530499999
2026-06-08,145590.0,146268.0,145590.0,368677048819638,2532299999
2026-06-07,147585.0,148271.0,147585.0,373699620283466,2532099999
2026-06-06,143426.0,144091.0,143426.0,362581255809852,2527999999
2026-06-05,147148.0,147831.0,147148.0,371858354966911,2527099999
2026-06-04,147154.0,147837.0,147154.0,371873129704222,2527099999
2026-06-03,147160.0,147842.0,147160.0,371887904324753,2527099999
2026-06-02,147631.0,148319.0,147631.0,371217794237698,2514499999
2026-06-01,148898.0,149589.0,148898.0,374358613892563,2514199999
2026-05-31,145019.0,145694.0,145019.0,363055715642204,2503499999
2026-05-30,143362.0,144024.0,143362.0,358891542311438,2503399999
2026-05-29,144868.0,145542.0,144868.0,359909061428483,2484399999
2026-05-28,144873.0,145548.0,144873.0,359923479298476,2484399999
2026-05-27,144879.0,145554.0,144879.0,359937897169772,2484399999
2026-05-26,144885.0,145560.0,144885.0,359952315042372,2484399999
2026-05-25,145732.0,146411.0,145732.0,365219917789500,2506099999
2026-05-24,142848.0,143514.0,142848.0,359020127657934,2513299999
2026-05-23,151417.0,152123.0,151417.0,380555720036531,2513299999
2026-05-22,154418.0,155137.0,154418.0,388407194618822,2515299999
2026-05-21,154424.0,155143.0,154424.0,388422452117458,2515299999
2026-05-20,154430.0,155149.0,154430.0,388437709653340,2515299999
2026-05-19,152107.0,152815.0,152107.0,382989131636237,2517899999
2026-05-18,152458.0,153168.0,152458.0,384072119444088,2519199999
2026-05-17,156273.0,157004.0,156273.0,393496440990985,2517999999
2026-05-16,156898.0,157633.0,156898.0,394597583387775,2514999999
2026-05-15,159198.0,159937.0,159198.0,404076327075839,2538199999
2026-05-14,159204.0,159943.0,159204.0,404092038270985,2538199999
2026-05-13,159210.0,159949.0,159210.0,404107749277808,2538199999
2026-05-12,160073.0,160813.0,160073.0,404408403589849,2526399999
2026-05-11,162943.0,163692.0,162943.0,408645741684361,2507899999
2026-05-10,157569.0,158294.0,157569.0,388786810313399,2467399999
2026-05-09,157306.0,158029.0,157306.0,383416661178924,2437399999
2026-05-08,157253.0,157981.0,157253.0,378854914052434,2409199999
2026-05-07,157259.0,157988.0,157259.0,378869567863190,2409199999
2026-05-06,157266.0,157994.0,157266.0,378884488621644,2409199999
2026-05-05,156220.0,156939.0,156220.0,374567928607067,2397699999
2026-05-04,167292.0,168070.0,167292.0,397234738447340,2374499999
2026-05-03,170049.0,170827.0,170049.0,403782240931477,2374499999
2026-05-02,166319.0,167085.0,166319.0,391797524472281,2355699999
2026-05-01,164732.0,165498.0,164732.0,383464199293168,2327799999
2026-04-30,164739.0,165504.0,164739.0,383479013090806,2327799999
2026-04-29,164745.0,165511.0,164745.0,383493827519784,2327799999
2026-04-28,152234.0,152933.0,152234.0,354416020311397,2328099999
2026-04-27,145802.0,146479.0,145802.0,334396783366026,2293499999
2026-04-26,138472.0,139118.0,138472.0,315231651928020,2276499999
2026-04-25,138407.0,139052.0,138407.0,314860949684340,2274899999
2026-04-24,140156.0,140810.0,140156.0,318840723006140,2274899999
2026-04-23,140162.0,140815.0,140162.0,318853719639862,2274899999
2026-04-22,140167.0,140821.0,140167.0,318866716274759,2274899999
2026-04-21,137728.0,138371.0,137728.0,313318348068684,2274899999
2026-04-20,137114.0,137754.0,137114.0,312921934779720,2282199999
2026-04-19,138221.0,138866.0,138221.0,315406387187924,2281899999
2026-04-18,139202.0,139852.0,139202.0,317645091486889,2281899999
2026-04-17,140825.0,141481.0,140825.0,324264243338189,2302599999
2026-04-16,140831.0,141487.0,140831.0,324277449283055,2302599999
2026-04-15,140837.0,141493.0,140837.0,324290655229114,2302599999
2026-04-14,144857.0,145532.0,144857.0,333548536507763,2302599999
2026-04-13,144863.0,145538.0,144863.0,333561996932637,2302599999
2026-04-12,143047.0,143713.0,143047.0,329379397230375,2302599999
2026-04-11,142460.0,143124.0,142460.0,328027807445884,2302599999
2026-04-10,147207.0,147892.0,147207.0,338957771480960,2302599999
2026-04-09,147212.0,147898.0,147212.0,338970021351747,2302599999
2026-04-08,147217.0,147903.0,147217.0,338982271223640,2302599999
2026-04-07,149001.0,149695.0,149001.0,343090603578627,2302599999
2026-04-06,144048.0,144717.0,144048.0,332116008223180,2305599999
2026-04-05,143158.0,143823.0,143158.0,330064118746946,2305599999
2026-04-04,143808.0,144477.0,143808.0,331563247767961,2305599999
2026-04-03,142432.0,143095.0,142432.0,328392088859960,2305599999
2026-04-02,142438.0,143100.0,142438.0,328404041173794,2305599999
2026-04-01,142443.0,143105.0,142443.0,328415993488708,2305599999
2026-03-31,142448.0,143111.0,142448.0,328427945804704,2305599999
2026-03-30,137641.0,138282.0,137641.0,317578609809649,2307299999
2026-03-29,137404.0,138045.0,137404.0,317581753345145,2311299999
2026-03-28,140377.0,141032.0,140377.0,324453728970908,2311299999
2026-03-27,141565.0,142225.0,141565.0,327269323952904,2311799999
2026-03-26,141570.0,142231.0,141570.0,327281276042061,2311799999
2026-03-25,141575.0,142236.0,141575.0,327293228132298,2311799999
2026-03-24,150294.0,150996.0,150294.0,348051932378420,2315799999
2026-03-23,150300.0,151002.0,150300.0,348064465703330,2315799999
2026-03-22,150305.0,151007.0,150305.0,348076999029373,2315799999
2026-03-21,150311.0,151013.0,150311.0,348089532356550,2315799999
2026-03-20,150316.0,151018.0,150316.0,348102065643348,2315799999
2026-03-19,150321.0,151023.0,150321.0,348113956258125,2315799999
2026-03-18,150327.0,151029.0,150327.0,348126637688455,2315799999
2026-03-17,140732.0,141384.0,140732.0,326188655254602,2317799999
2026-03-16,129842.0,130446.0,129842.0,300948363501340,2317799999
2026-03-15,140496.0,141149.0,140496.0,326484533564200,2323799999
2026-03-14,152347.0,153052.0,152347.0,355243029544803,2331799999
2026-03-13,152353.0,153057.0,152353.0,355255771245655,2331799999
2026-03-12,152358.0,153063.0,152358.0,355268512947660,2331799999
2026-03-11,152364.0,153068.0,152364.0,355281254650817,2331799999
2026-03-10,152369.0,153074.0,152369.0,355293996355125,2331799999
2026-03-09,152374.0,153079.0,152374.0,355306738044006,2331799999
2026-03-08,152380.0,153085.0,152380.0,355319479750619,2331799999
2026-03-07,152385.0,153090.0,152385.0,355332221458384,2331799999
2026-03-06,152391.0,153096.0,152391.0,355344963167300,2331799999
2026-03-05,152396.0,153101.0,152396.0,355357704877369,2331799999
2026-03-04,152402.0,153107.0,152402.0,355370446473105,2331799999
2026-03-03,152407.0,153112.0,152407.0,355383188185477,2331799999
2026-03-02,152413.0,153118.0,152413.0,355395929899001,2331799999
2026-03-01,152418.0,153123.0,152418.0,355408671613678,2331799999
2026-02-28,152424.0,153129.0,152424.0,355421413329507,2331799999
2026-02-27,152429.0,153134.0,152429.0,355434157326108,2331799999
2026-02-26,152435.0,153139.0,152435.0,355446899567919,2331799999
2026-02-25,152440.0,153145.0,152440.0,355459641810882,2331799999
2026-02-24,157967.0,158698.0,157967.0,369342347567927,2338099999
2026-02-23,156155.0,156876.0,156155.0,366198677766413,2345099999
2026-02-22,157380.0,158106.0,157380.0,369072455708555,2345099999
2026-02-21,156248.0,156965.0,156248.0,366416427822547,2345099999
2026-02-20,152279.0,152978.0,152279.0,356088422566858,2338399999
2026-02-19,152284.0,152983.0,152284.0,356101161760008,2338399999
2026-02-18,152290.0,152989.0,152290.0,356113900844592,2338399999
2026-02-17,152784.0,153483.0,152784.0,356352872706249,2332399999
2026-02-16,151498.0,152189.0,151498.0,352642871021771,2327699999
2026-02-15,154702.0,155408.0,154702.0,359789887551908,2325699999
2026-02-14,152113.0,152810.0,152113.0,351486853244325,2310699999
2026-02-13,155985.0,156699.0,155985.0,360074762600777,2308399999
2026-02-12,155990.0,156705.0,155990.0,360087583448009,2308399999
2026-02-11,155996.0,156711.0,155996.0,360100404483432,2308399999
2026-02-10,156001.0,156716.0,156001.0,360113225520015,2308399999
2026-02-09,154511.0,155221.0,154511.0,356133426727283,2304899999
2026-02-08,151016.0,151708.0,151016.0,348015882065948,2304499999
2026-02-07,146505.0,147177.0,146505.0,337592444133732,2304299999
2026-02-06,146825.0,147498.0,146825.0,338769960154070,2307299999
2026-02-05,146831.0,147503.0,146831.0,338782206680960,2307299999
2026-02-04,146836.0,147509.0,146836.0,338794453208957,2307299999
2026-02-03,146841.0,147514.0,146841.0,338806699738061,2307299999
2026-02-02,138896.0,139532.0,138896.0,320682099393948,2308799999
2026-02-01,147224.0,147898.0,147224.0,339895043341782,2308699999
2026-01-31,151594.0,152286.0,151594.0,349984722814182,2308699999
2026-01-30,158599.0,159326.0,158599.0,365348658063180,2303599999
2026-01-29,158605.0,159332.0,158605.0,365361628772736,2303599999
2026-01-28,158610.0,159337.0,158610.0,365374598919874,2303599999
2026-01-27,149081.0,149764.0,149081.0,343422231671625,2303599999
2026-01-26,138852.0,139482.0,138852.0,319678698513786,2302299999
2026-01-25,133029.0,133637.0,133029.0,303612014094296,2282299999
2026-01-24,131789.0,132391.0,131789.0,300228040884559,2278099999
2026-01-23,128323.0,128911.0,128323.0,291627303569254,2272599999
2026-01-22,128328.0,128915.0,128328.0,291638210912193,2272599999
2026-01-21,128333.0,128920.0,128333.0,291649118256117,2272599999
2026-01-20,124820.0,125390.0,124820.0,283641749345316,2272399999
2026-01-19,123490.0,124054.0,123490.0,280618672315159,2272399999
2026-01-18,122309.0,122867.0,122309.0,277677126281275,2270299999
2026-01-17,125981.0,126558.0,125981.0,285763273462049,2268299999
2026-01-16,125986.0,126562.0,125986.0,285774014508325,2268299999
2026-01-15,125991.0,126567.0,125991.0,285784755555573,2268299999
2026-01-14,125995.0,126572.0,125995.0,285795496603792,2268299999
2026-01-13,124448.0,125017.0,124448.0,282235399018901,2267899999
2026-01-12,126652.0,127236.0,126652.0,287234283779627,2267899999
2026-01-11,127776.0,128362.0,127776.0,291252665148808,2279399999
2026-01-10,121731.0,122289.0,121731.0,277474534780715,2279399999
2026-01-09,130457.0,131052.0,130457.0,300155235854204,2300799999
2026-01-08,130462.0,131057.0,130462.0,300166393841038,2300799999
2026-01-07,130467.0,131062.0,130467.0,300177551847973,2300799999
2026-01-06,131414.0,132013.0,131414.0,302356372602819,2300799999
2026-01-05,124783.0,125353.0,124783.0,286226216145812,2293799999
2026-01-04,119822.0,120371.0,119822.0,275699249757114,2300899999
2026-01-03,114702.0,115227.0,114702.0,263918143488822,2300899999
2026-01-02,114707.0,115232.0,114707.0,263928334979834,2300899999
2026-01-01,114711.0,115236.0,114711.0,263938526471766,2300899999
2025-12-31,114715.0,115241.0,114715.0,263948717964620,2300899999
2025-12-30,119609.0,120155.0,119609.0,277840568038216,2322899999
2025-12-29,113874.0,114394.0,113874.0,264519005916970,2322899999
2025-12-28,122902.0,123464.0,122902.0,288991535939467,2351399999
2025-12-27,123252.0,123817.0,123252.0,292033789437595,2369399999
2025-12-26,119216.0,119763.0,119216.0,283007073305381,2373899999
2025-12-25,119220.0,119767.0,119220.0,283016982345382,2373899999
2025-12-24,119224.0,119771.0,119224.0,283026891386278,2373899999
2025-12-23,115722.0,116252.0,115722.0,274689196160360,2373699999
2025-12-22,112627.0,113143.0,112627.0,267906142010553,2378699999
2025-12-21,109039.0,109539.0,109039.0,261148235781071,2394999999
2025-12-20,111337.0,111847.0,111337.0,267318954168341,2400999999
2025-12-19,110242.0,110747.0,110242.0,264690915373785,2400999999
2025-12-18,110246.0,110751.0,110246.0,264700356085034,2400999999
2025-12-17,110250.0,110755.0,110250.0,264709796797137,2400999999
2025-12-16,103964.0,104440.0,103964.0,250168509682237,2406299999
2025-12-15,106537.0,107024.0,106537.0,256806340768079,2410499999
2025-12-14,106098.0,106584.0,106098.0,256109250595815,2413899999
2025-12-13,107319.0,107813.0,107319.0,259058052656283,2413899999
2025-12-12,102534.0,103004.0,102534.0,247916435607712,2417899999
2025-12-11,102538.0,103008.0,102538.0,247925430742143,2417899999
2025-12-10,102541.0,103012.0,102541.0,247934425877387,2417899999
2025-12-09,99825.0,100281.0,99825.0,241365951622584,2417899999
2025-12-08,102552.0,103020.0,102552.0,247960447662133,2417899999
2025-12-07,102072.0,102538.0,102072.0,246462531508174,2414599999
2025-12-06,101820.0,102285.0,101820.0,245732841338330,2413399999
2025-12-05,100654.0,101115.0,100654.0,241810948814497,2402399999
2025-12-04,100658.0,101119.0,100658.0,241819757257870,2402399999
2025-12-03,100661.0,101123.0,100661.0,241828565824327,2402399999
2025-12-02,99271.0,99727.0,99271.0,238251465253988,2399999999
2025-12-01,100326.0,100787.0,100326.0,240783210066661,2399999999
2025-11-30,97121.0,97566.0,97121.0,233089366357461,2399999999
2025-11-29,95446.0,95883.0,95446.0,229069271921548,2399999999
2025-11-28,92242.0,92665.0,92242.0,221381317973015,2399999999
2025-11-27,92246.0,92668.0,92246.0,221389557299184,2399999999
2025-11-26,92249.0,92672.0,92249.0,221397796626098,2399999999
2025-11-25,91826.0,92247.0,91826.0,220383457934272,2399999999
2025-11-24,91238.0,91656.0,91238.0,218972021871170,2399999999
2025-11-23,91242.0,91660.0,91242.0,218980194407439,2399999999
2025-11-22,90353.0,90767.0,90353.0,216847619857262,2399999999
2025-11-21,92000.0,92421.0,92000.0,220798858793326,2399999999
2025-11-20,92003.0,92424.0,92003.0,220807080968080,2399999999
2025-11-19,92001.0,92423.0,92001.0,220802961706831,2399999999
2025-11-18,90653.0,91064.0,90653.0,217567208155634,2399999999
2025-11-17,90796.0,91209.0,90796.0,215848466059110,2377292999
2025-11-16,90032.0,90440.0,90032.0,211457371999257,2348692999
2025-11-15,91401.0,91816.0,91401.0,212780686492738,2327992999
2025-11-14,92540.0,92961.0,92540.0,214673219126808,2319792999
2025-11-13,92543.0,92965.0,92543.0,214681185384685,2319792999
2025-11-12,92547.0,92968.0,92547.0,214689151643282,2319792999
2025-11-11,89943.0,90353.0,89943.0,207795803624652,2310292999
2025-11-10,86312.0,86705.0,86312.0,198818447024969,2303492999
2025-11-09,85422.0,85810.0,85422.0,196588571362629,2301392999
2025-11-08,85372.0,85760.0,85372.0,196379633311762,2300292999
2025-11-07,85720.0,86108.0,85720.0,196744931590610,2295192999
2025-11-06,85724.0,86111.0,85724.0,196752364902660,2295192999
2025-11-05,85727.0,86114.0,85727.0,196759798215382,2295192999
2025-11-04,85691.0,86080.0,85691.0,195041675729265,2276092999
2025-11-03,85619.0,86005.0,85619.0,193814875945154,2263692999
2025-11-02,85574.0,85963.0,85574.0,191830729071989,2241692999
2025-11-01,86055.0,86445.0,86055.0,192453719299514,2236392999
2025-10-31,85303.0,85691.0,85303.0,189832205969579,2225392999
2025-10-30,85306.0,85694.0,85306.0,189839427431212,2225392999
2025-10-29,85309.0,85697.0,85309.0,189846650690073,2225392999
2025-10-28,83845.0,84226.0,83845.0,186587378168082,2225392999
2025-10-27,85946.0,86336.0,85946.0,191254899007195,2225292999
2025-10-26,87480.0,87878.0,87480.0,194581415048793,2224292999
2025-10-25,86385.0,86776.0,86385.0,192144831400578,2224292999
2025-10-24,86287.0,86679.0,86287.0,191176450885171,2215592999
2025-10-23,86290.0,86682.0,86290.0,191183697460946,2215592999
2025-10-22,86293.0,86685.0,86293.0,191190943995003,2215592999
2025-10-21,88027.0,88428.0,88027.0,195032118988122,2215592999
2025-10-20,88346.0,88746.0,88346.0,195737932904190,2215592999
2025-10-19,89570.0,89977.0,89570.0,197464523743593,2204592999
2025-10-18,87060.0,87456.0,87060.0,191897405976824,2204192999
2025-10-17,88917.0,89320.0,88917.0,195873611980476,2202892999
2025-10-16,88920.0,89323.0,88920.0,195880974720782,2202892999
2025-10-15,88923.0,89327.0,88923.0,195888337261404,2202892999
2025-10-14,87296.0,87692.0,87296.0,192216829063081,2201892999
2025-10-13,87913.0,88311.0,87913.0,193574031505055,2201892999
2025-10-12,88064.0,88463.0,88064.0,193906896591768,2201892999
2025-10-11,88653.0,89057.0,88653.0,194460664861681,2193492999
2025-10-10,90698.0,91111.0,90698.0,199416940192786,2198692999
2025-10-09,90701.0,91114.0,90701.0,199424416327900,2198692999
2025-10-08,90705.0,91118.0,90705.0,199431892463689,2198692999
2025-10-07,88170.0,88571.0,88170.0,193857861476716,2198692999
2025-10-06,84339.0,84722.0,84339.0,185570002941145,2200292999
2025-10-05,86393.0,86784.0,86393.0,191566197909687,2217392999
2025-10-04,87058.0,87453.0,87058.0,193041643903100,2217392999
2025-10-03,87639.0,88038.0,87639.0,194873953145377,2223592999
2025-10-02,87642.0,88040.0,87642.0,194879502940141,2223592999
2025-10-01,87645.0,88043.0,87645.0,194886786679581,2223592999
2025-09-30,86175.0,86563.0,86175.0,192341471511146,2231992999
2025-09-29,84480.0,84860.0,84480.0,188625888611503,2232792999
2025-09-28,81414.0,81781.0,81414.0,181781080858503,2232792999
2025-09-27,84406.0,84785.0,84406.0,188570060875084,2234092999
2025-09-26,81383.0,81743.0,81383.0,179032917770765,2199892999
2025-09-25,81385.0,81746.0,81385.0,179039293432341,2199892999
2025-09-24,81388.0,81749.0,81388.0,179045669094013,2199892999
2025-09-23,78955.0,79309.0,78955.0,170771830279220,2162892999
2025-09-22,76944.0,77279.0,76944.0,163112721035593,2119892999
2025-09-21,77807.0,78140.0,77807.0,165550159313604,2127692999
2025-09-20,75716.0,76043.0,75716.0,158314837201664,2090892999
2025-09-19,72385.0,72710.0,72385.0,144022966732930,1989692999
2025-09-18,72387.0,72713.0,72387.0,144028324587082,1989692999
2025-09-17,72390.0,72716.0,72390.0,144033682441316,1989692999
2025-09-16,71828.0,72145.0,71828.0,142908160235251,1989592999
2025-09-15,70778.0,71093.0,70778.0,138341708028510,1954592999
2025-09-14,69083.0,69392.0,69083.0,134496491367375,1946892999
2025-09-13,69230.0,69542.0,69230.0,133994529940061,1935492999
2025-09-12,71814.0,72138.0,71814.0,138996451137236,1935492999
2025-09-11,71817.0,72141.0,71817.0,139001642135443,1935492999
2025-09-10,71820.0,72143.0,71820.0,139006833133729,1935492999
2025-09-09,71823.0,72146.0,71823.0,139012024107471,1935492999
2025-09-08,71832.0,72155.0,71832.0,139338247941663,1939792999
2025-09-07,71982.0,72306.0,71982.0,139629676428172,1939792999
2025-09-06,71023.0,71343.0,71023.0,137520795771228,1936292999
2025-09-05,70784.0,71103.0,70784.0,137057992956236,1936292999
2025-09-04,70786.0,71105.0,70786.0,137063130225344,1936292999
2025-09-03,70789.0,71108.0,70789.0,137068267494529,1936292999
2025-09-02,70637.0,70955.0,70637.0,137402412344677,1945192999
2025-09-01,72581.0,72907.0,72581.0,141910791335985,1955192999
2025-08-31,72584.0,72910.0,72584.0,141916061623208,1955192999
2025-08-30,69818.0,70130.0,69818.0,136507684127151,1955192999
2025-08-29,67210.0,67511.0,67210.0,131072382075474,1950192999
2025-08-28,67212.0,67513.0,67212.0,131077333462043,1950192999
2025-08-27,67215.0,67516.0,67215.0,131082285198687,1950192999
2025-08-26,64504.0,64789.0,64504.0,125795740252713,1950192999
2025-08-25,63746.0,64026.0,63746.0,124273079563741,1949492999
2025-08-24,63719.0,64000.0,63719.0,122754097131060,1926492999
2025-08-23,63721.0,64002.0,63721.0,122758766119529,1926492999
2025-08-22,62829.0,63108.0,62829.0,119883542058983,1908092999
2025-08-21,62831.0,63110.0,62831.0,119888135692628,1908092999
2025-08-20,62834.0,63113.0,62834.0,119892729700892,1908092999
2025-08-19,62176.0,62453.0,62176.0,117611913235945,1891592999
2025-08-18,62262.0,62537.0,62262.0,117450815292216,1886392999
2025-08-17,61908.0,62180.0,61908.0,115717387842588,1869192999
2025-08-16,61345.0,61616.0,61345.0,114267249945823,1862692999
2025-08-15,62152.0,62427.0,62152.0,115346899716635,1855892999
2025-08-14,62153.0,62428.0,62153.0,115349941120870,1855892999
2025-08-13,62155.0,62430.0,62155.0,115352982724652,1855892999
2025-08-12,61405.0,61677.0,61405.0,113494824067577,1848292999
2025-08-11,62046.0,62320.0,62046.0,114430483938877,1844292999
2025-08-10,61380.0,61652.0,61380.0,112938517659007,1839992999
2025-08-09,61777.0,62052.0,61777.0,112983221930737,1828892999
2025-08-08,63213.0,63495.0,63213.0,115609620469566,1828892999
2025-08-07,63214.0,63496.0,63214.0,115611558263513,1828892999
2025-08-06,63215.0,63497.0,63215.0,115613496057490,1828892999
2025-08-05,62950.0,63230.0,62950.0,115129453732851,1828892999
2025-08-04,63647.0,63930.0,63647.0,116377689752995,1828492999
2025-08-03,62623.0,62902.0,62623.0,114148266435593,1822792999
2025-08-02,61461.0,61733.0,61461.0,111810167740133,1819192999
2025-08-01,59109.0,59367.0,59109.0,106625426691137,1803892999
2025-07-31,59110.0,59368.0,59110.0,106628281785901,1803892999
2025-07-30,59112.0,59370.0,59112.0,106631136359496,1803892999
2025-07-29,59434.0,59696.0,59434.0,105809833508083,1780292999
2025-07-28,59321.0,59580.0,59321.0,104072454924492,1754392999
2025-07-27,57883.0,58135.0,57883.0,99321757509419,1715892999
2025-07-26,58375.0,58631.0,58375.0,99037867585596,1696592999
2025-07-25,59507.0,59770.0,59507.0,100668178900907,1691692999
2025-07-24,59510.0,59772.0,59510.0,100672079330846,1691692999
2025-07-23,59512.0,59774.0,59512.0,100675979760845,1691692999
2025-07-22,59471.0,59734.0,59471.0,100517875655183,1690192999
2025-07-21,58465.0,58721.0,58465.0,98495020556907,1684692999
2025-07-20,57669.0,57922.0,57669.0,96513816327311,1673592999
2025-07-19,58300.0,58556.0,58300.0,96334030443123,1652392999
2025-07-18,59150.0,59412.0,59150.0,96893539828069,1638092999
2025-07-17,59153.0,59415.0,59153.0,96897319281182,1638092999
2025-07-16,59155.0,59417.0,59155.0,96901098734352,1638092999
2025-07-15,58747.0,59006.0,58747.0,95605129408660,1627392999
2025-07-14,58966.0,59227.0,58966.0,95276911398075,1615792999
2025-07-13,58773.0,59034.0,58773.0,93777359522934,1595592999
2025-07-12,57025.0,57276.0,57025.0,89939005938455,1577192999
2025-07-11,57830.0,58087.0,57830.0,90261400173233,1560792999
2025-07-10,57833.0,58089.0,57833.0,90264952487203,1560792999
2025-07-09,57835.0,58091.0,57835.0,90268506061226,1560792999
2025-07-08,58072.0,58331.0,58072.0,90057568175045,1550792999
2025-07-07,58781.0,59043.0,58781.0,90850739587864,1545592999
2025-07-06,61077.0,61350.0,61077.0,94461249413216,1546592999
2025-07-05,61079.0,61352.0,61079.0,94464922636352,1546592999
2025-07-04,61082.0,61354.0,61082.0,94468595727895,1546592999
2025-07-03,61084.0,61357.0,61084.0,94472268951141,1546592999
2025-07-02,61086.0,61359.0,61086.0,94475942174442,1546592999
2025-07-01,61481.0,61753.0,61481.0,94877086872979,1543192999
2025-06-30,60441.0,60706.0,60441.0,92824298943847,1535792999
2025-06-29,58095.0,58357.0,58095.0,87218197183331,1501292999
2025-06-28,55417.0,55665.0,55417.0,84194395542482,1519292999
2025-06-27,55296.0,55541.0,55296.0,85520562524476,1546592999
2025-06-26,55298.0,55543.0,55298.0,85523926877549,1546592999
2025-06-25,55300.0,55545.0,55300.0,85527291230673,1546592999
2025-06-24,55303.0,55547.0,55303.0,85530655583847,1546592999
2025-06-23,55305.0,55549.0,55305.0,85534019937072,1546592999
2025-06-22,55307.0,55551.0,55307.0,85537384290348,1546592999
2025-06-21,55309.0,55554.0,55309.0,85540748595341,1546592999
2025-06-20,55311.0,55556.0,55311.0,85544112829448,1546592999
2025-06-19,55314.0,55558.0,55314.0,85547477182877,1546592999
2025-06-18,55316.0,55560.0,55316.0,85550841536356,1546592999
2025-06-17,55318.0,55562.0,55318.0,85554205889886,1546592999
2025-06-16,55320.0,55564.0,55320.0,85557570243466,1546592999
2025-06-15,55322.0,55567.0,55322.0,85560934597097,1546592999
2025-06-14,55324.0,55569.0,55324.0,85564299650778,1546592999
2025-06-13,55327.0,55571.0,55327.0,85567663799577,1546592999
2025-06-12,55329.0,55573.0,55329.0,85571028153360,1546592999
2025-06-11,54134.0,54373.0,54134.0,83723093092964,1546592999
2025-06-10,52982.0,53216.0,52982.0,81947661653040,1546692999
2025-06-09,53977.0,54215.0,53977.0,83485334628789,1546692999
2025-06-08,53237.0,53473.0,53237.0,82260720934603,1545192999
2025-06-07,52895.0,53130.0,52895.0,81605590712175,1542792999
2025-06-06,53702.0,53942.0,53702.0,82518509098813,1536592999
2025-06-05,53704.0,53944.0,53704.0,82521869511611,1536592999
2025-06-04,53707.0,53946.0,53707.0,82525229924459,1536592999
2025-06-03,53709.0,53948.0,53709.0,82528590206267,1536592999
2025-06-02,53377.0,53615.0,53377.0,82173042906402,1539492999
2025-06-01,52344.0,52578.0,52344.0,80583294575649,1539492999
2025-05-31,52592.0,52827.0,52592.0,80965155385140,1539492999
2025-05-30,52496.0,52730.0,52496.0,81089863784724,1544692999
2025-05-29,52498.0,52732.0,52498.0,81093229505777,1544692999
2025-05-28,53368.0,53606.0,53368.0,82436936700549,1544692999
2025-05-27,53026.0,53263.0,53026.0,82020633513838,1546792999
2025-05-26,52922.0,53158.0,52922.0,82102585173236,1551392999
2025-05-25,53532.0,53770.0,53532.0,83107722834332,1552492999
2025-05-24,53716.0,53954.0,53716.0,83893260876811,1561792999
2025-05-23,53236.0,53472.0,53236.0,83303999405930,1564792999
2025-05-22,53239.0,53474.0,53239.0,83307450299570,1564792999
2025-05-21,54158.0,54398.0,54158.0,84745941818107,1564792999
2025-05-20,54045.0,54282.0,54045.0,85709438342908,1585892999
2025-05-19,51501.0,51728.0,51501.0,81381494394072,1580192999
2025-05-18,50065.0,50285.0,50065.0,79182412132513,1581592999
2025-05-17,51823.0,52051.0,51823.0,82081707989460,1583892999
2025-05-16,52674.0,52906.0,52674.0,83429686888609,1583892999
2025-05-15,52676.0,52908.0,52676.0,83433119534200,1583892999
2025-05-14,52998.0,53232.0,52998.0,83943223137994,1583892999
2025-05-13,53635.0,53872.0,53635.0,85001088530557,1584792999
2025-05-12,53633.0,53869.0,53633.0,85135935635162,1587392999
2025-05-11,53924.0,54162.0,53924.0,85631416783173,1587992999
2025-05-10,54780.0,55021.0,54780.0,86973355825704,1587692999
2025-05-09,54304.0,54544.0,54304.0,86217800409584,1587692999
2025-05-08,54306.0,54546.0,54306.0,86221292672802,1587692999
2025-05-07,54119.0,54358.0,54119.0,85924824050090,1587692999
2025-05-06,54326.0,54564.0,54326.0,86730289554533,1596492999
2025-05-05,54477.0,54716.0,54477.0,87342541902159,1603292999
2025-05-04,56077.0,56322.0,56077.0,90187668986982,1608292999
2025-05-03,54886.0,55126.0,54886.0,88245220838445,1607792999
2025-05-02,52131.0,52358.0,52131.0,83252960397455,1596992999
2025-05-01,52133.0,52360.0,52133.0,83256373388375,1596992999
2025-04-30,52365.0,52593.0,52365.0,83626979295188,1596992999
2025-04-29,52435.0,52662.0,52435.0,84189202375827,1605592999
2025-04-28,52354.0,52578.0,52354.0,85341180458283,1630092999
2025-04-27,54366.0,54599.0,54366.0,89687005502480,1649692999
2025-04-26,52978.0,53200.0,52978.0,88314620790673,1666992999
2025-04-25,52580.0,52799.0,52580.0,88454133496795,1682292999
2025-04-24,52582.0,52801.0,52582.0,88457684717325,1682292999
2025-04-23,52584.0,52803.0,52584.0,88461235937908,1682292999
2025-04-22,51938.0,52155.0,51938.0,88372162701346,1701492999
2025-04-21,54389.0,54616.0,54389.0,92982665228097,1709592999
2025-04-20,52180.0,52394.0,52180.0,89988447402238,1724592999
2025-04-19,53978.0,54200.0,53978.0,93359956446047,1729592999
2025-04-18,56806.0,57038.0,56806.0,98706520748625,1737592999
2025-04-17,56809.0,57041.0,56809.0,98711435608909,1737592999
2025-04-16,56877.0,57109.0,56877.0,98828945978297,1737592999
2025-04-15,56182.0,56412.0,56182.0,97790803257666,1740592999
2025-04-14,55756.0,55980.0,55756.0,98442790790736,1765592999
2025-04-13,58521.0,58758.0,58521.0,103575573590687,1769892999
2025-04-12,60772.0,61014.0,60772.0,109991155828513,1809892999
2025-04-11,63778.0,64031.0,63778.0,116471643503472,1826192999
2025-04-10,63781.0,64033.0,63781.0,116475972327491,1826192999
2025-04-09,62475.0,62722.0,62475.0,114092203690124,1826192999
2025-04-08,64959.0,65213.0,64959.0,119960102885538,1846692999
2025-04-07,67672.0,67935.0,67672.0,125442365253251,1853692999
2025-04-06,67245.0,67509.0,67245.0,123213167006069,1832292999
2025-04-05,66525.0,66787.0,66525.0,121275180520300,1822992999
2025-04-04,69818.0,70092.0,69818.0,128464940066651,1839992999
2025-04-03,69820.0,70094.0,69820.0,128468720782013,1839992999
2025-04-02,69822.0,70096.0,69822.0,128472505152622,1839992999
2025-04-01,69824.0,70098.0,69824.0,128476289523288,1839992999
2025-03-31,69826.0,70100.0,69826.0,128480073894011,1839992999
2025-03-30,69821.0,70095.0,69821.0,128471034710010,1839992999
2025-03-29,71232.0,71511.0,71232.0,131066229226107,1839992999
2025-03-28,68577.0,68846.0,68577.0,124754514971632,1819192999
2025-03-27,68579.0,68848.0,68579.0,124758193392089,1819192999
2025-03-26,68355.0,68623.0,68355.0,124350056824504,1819192999
2025-03-25,66713.0,66973.0,66713.0,121362926499582,1819192999
2025-03-24,63869.0,64117.0,63869.0,116189143500641,1819192999
2025-03-23,63870.0,64119.0,63870.0,116192498294236,1819192999
2025-03-22,63872.0,64121.0,63872.0,116195853087882,1819192999
2025-03-21,63874.0,64123.0,63874.0,116199207881577,1819192999
2025-03-20,63876.0,64125.0,63876.0,116202562629124,1819192999
2025-03-17,60894.0,61134.0,60894.0,109621303023734,1819192999
2025-03-16,58293.0,58522.0,58293.0,103481012285295,1794192999
2025-03-15,56609.0,56833.0,56609.0,98714113024418,1762792999
2025-03-14,56788.0,57011.0,56788.0,98946146754014,1761392999
2025-03-13,56789.0,57013.0,56789.0,98949515764904,1761392999
2025-03-12,56106.0,56327.0,56106.0,97758291070284,1761392999
2025-03-11,55724.0,55941.0,55724.0,97092363848302,1761392999
2025-03-10,56766.0,56989.0,56766.0,98466273312031,1753592999
2025-03-09,56484.0,56702.0,56484.0,98823688844216,1768592999
2025-03-08,54954.0,55167.0,54954.0,95439014860128,1755692999
2025-03-07,53444.0,53655.0,53444.0,90464058377134,1711692999
2025-03-06,53446.0,53657.0,53446.0,90467213758735,1711692999
2025-03-05,53346.0,53557.0,53346.0,90298937866207,1711692999
2025-03-04,54238.0,54452.0,54238.0,91808973262793,1711692999
2025-03-03,53451.0,53662.0,53451.0,90145119800375,1705492999
2025-03-02,54341.0,54555.0,54341.0,91579678185971,1704292999
2025-03-01,53917.0,54128.0,53917.0,90714904745773,1701492999
2025-02-28,56114.0,56331.0,56114.0,94356040362428,1700492999
2025-02-27,56116.0,56333.0,56116.0,94359294655442,1700492999
2025-02-26,56697.0,56916.0,56697.0,95335826548551,1700492999
2025-02-25,55413.0,55625.0,55413.0,93675581306496,1709492999
2025-02-24,56558.0,56774.0,56558.0,95894026110896,1714492999
2025-02-23,56462.0,56675.0,56462.0,95307217890455,1706992999
2025-02-22,57960.0,58182.0,57960.0,96798916808935,1689092999
2025-02-21,58243.0,58469.0,58243.0,94883433960914,1648092999
2025-02-20,58245.0,58471.0,58245.0,94886618074918,1648092999
2025-02-19,56970.0,57190.0,56970.0,92809783241601,1648092999
2025-02-18,55043.0,55257.0,55043.0,88371163487697,1624492999
2025-02-17,54282.0,54494.0,54282.0,86460781414763,1611792999
2025-02-16,54180.0,54392.0,54180.0,86135376115975,1608792999
2025-02-15,54644.0,54857.0,54644.0,86872127044292,1608792999
2025-02-14,54252.0,54465.0,54253.0,86315953064768,1609993000
2025-02-13,54254.0,54468.0,54254.0,86318896909950,1609993000
2025-02-12,52812.0,53019.0,52812.0,84024526129790,1609993000
2025-02-11,52814.0,53021.0,52814.0,84027469742679,1609993000
2025-02-10,51683.0,51882.0,51683.0,82750757984656,1620093000
2025-02-09,51685.0,51884.0,51685.0,82753640459936,1620093000
2025-02-08,49377.0,49570.0,49377.0,77739186481982,1593393000
2025-02-07,49378.0,49571.0,49378.0,77741926515408,1593393000
2025-02-06,49380.0,49573.0,49380.0,77744666513055,1593393000
2025-02-05,48818.0,49008.0,48818.0,76858872463922,1593393000
2025-02-04,47234.0,47418.0,47234.0,74356079760867,1593193000
2025-02-03,46680.0,46860.0,46680.0,73208021820895,1587293000
2025-02-02,46675.0,46856.0,46675.0,72491529446221,1572093000
2025-02-01,46376.0,46556.0,46376.0,71016230410688,1550293000
2025-01-31,45454.0,45631.0,45454.0,69194839602595,1541293000
2025-01-30,45455.0,45632.0,45455.0,69197344436878,1541293000
2025-01-29,45384.0,45560.0,45384.0,69088202165968,1541293000
2025-01-28,45936.0,46115.0,45936.0,69630518935237,1534793000
2025-01-27,45938.0,46117.0,45938.0,69633037710678,1534793000
2025-01-26,45680.0,45857.0,45680.0,69278492955210,1535593000
2025-01-25,45467.0,45643.0,45467.0,68846818936541,1533193000
2025-01-24,45196.0,45369.0,45196.0,68571354064034,1536193000
2025-01-23,45197.0,45371.0,45197.0,68573816752653,1536193000
2025-01-22,44955.0,45127.0,44955.0,68205967371380,1536193000
2025-01-21,44091.0,44260.0,44091.0,65722684579468,1509593000
2025-01-20,42719.0,42882.0,42719.0,63562269624714,1506893000
2025-01-19,42822.0,42984.0,42822.0,63543637986743,1502893000
2025-01-18,42797.0,42960.0,42797.0,63485928023243,1502393000
2025-01-17,42527.0,42689.0,42527.0,62826038153654,1496293000
2025-01-16,42529.0,42691.0,42529.0,62828372300881,1496293000
2025-01-15,42680.0,42842.0,42680.0,63051281647965,1496293000
2025-01-14,43157.0,43322.0,43157.0,63756547741673,1496293000
2025-01-13,43159.0,43323.0,43159.0,63758901859676,1496293000
2025-01-12,42943.0,43106.0,42943.0,63439871235283,1496293000
2025-01-11,43196.0,43360.0,43196.0,63813225508302,1496293000
2025-01-10,42770.0,42932.0,42770.0,63218053632616,1497093000
2025-01-09,42771.0,42934.0,42771.0,63220378664632,1497093000
2025-01-08,42431.0,42593.0,42431.0,62718067637834,1497093000
2025-01-07,42154.0,42315.0,42154.0,61979234333292,1489293000
2025-01-06,41096.0,41254.0,41096.0,60465681285895,1490293000
2025-01-05,41556.0,41715.0,41556.0,61182880005105,1491293000
2025-01-04,41365.0,41522.0,41365.0,61381328213708,1502893000
2025-01-03,42372.0,42531.0,42372.0,64190421977749,1533893000
2025-01-02,42374.0,42532.0,42374.0,64192785946536,1533893000
2025-01-01,42532.0,42691.0,42532.0,64432023354644,1533893000
2024-12-31,42519.0,42678.0,42519.0,64411784734284,1533893000
2024-12-30,42289.0,42449.0,42289.0,64846978022537,1552393000
2024-12-29,41777.0,41934.0,41777.0,64061164261505,1552393000
2024-12-28,42663.0,42822.0,42663.0,66021621471256,1566493000
2024-12-27,41723.0,41879.0,41723.0,64587744922113,1566993000
2024-12-26,41725.0,41880.0,41725.0,64590113622657,1566993000
2024-12-25,41380.0,41534.0,41380.0,64056422943152,1566993000
2024-12-24,41437.0,41591.0,41437.0,64185681744922,1567993000
2024-12-23,41159.0,41310.0,41159.0,63875883852615,1570893000
2024-12-22,40395.0,40542.0,40395.0,62689657329626,1570893000
2024-12-21,40359.0,40506.0,40359.0,62657531595211,1571493000
2024-12-20,40659.0,40806.0,40659.0,63266471661443,1574993000
2024-12-19,40661.0,40808.0,40661.0,63268900616704,1574993000
2024-12-18,41128.0,41277.0,41128.0,63995091710650,1574993000
2024-12-17,41203.0,41351.0,41203.0,64149810926614,1575893000
2024-12-16,41229.0,41378.0,41229.0,63946710514009,1569993000
2024-12-15,40433.0,40578.0,40433.0,62371872866702,1561593000
2024-12-14,40956.0,41102.0,40956.0,62457895237277,1543993000
2024-12-13,40091.0,40234.0,40091.0,59635814094221,1506493000
2024-12-12,40092.0,40235.0,40092.0,59638017583220,1506493000
2024-12-11,39958.0,40100.0,39958.0,59437280958164,1506493000
2024-12-10,39348.0,39490.0,39348.0,57074928565631,1469493000
2024-12-09,39123.0,39264.0,39123.0,56447438065150,1461793000
2024-12-08,38886.0,39025.0,38886.0,55937736116764,1457493000
2024-12-07,38413.0,38549.0,38413.0,55256848068958,1457493000
2024-12-06,38844.0,38982.0,38844.0,55597387168349,1450293000
2024-12-05,38845.0,38984.0,38845.0,55599474087392,1450293000
2024-12-04,38847.0,38985.0,38847.0,55601561006435,1450293000
2024-12-03,38456.0,38593.0,38456.0,55042787619408,1450293000
2024-12-02,38360.0,38497.0,38360.0,54851414862222,1448893000
2024-12-01,38025.0,38159.0,38025.0,54075780679385,1441093000
2024-11-30,38615.0,38751.0,38615.0,54640404089861,1433993000
2024-11-29,37877.0,38009.0,37877.0,53365243502653,1427893000
2024-11-28,37878.0,38011.0,37878.0,53367234534602,1427893000
2024-11-27,37939.0,38071.0,37939.0,53452232094082,1427893000
2024-11-26,37831.0,37963.0,37831.0,53288870372141,1427593000
2024-11-25,38092.0,38226.0,38092.0,53374993530960,1420193000
2024-11-24,38092.0,38226.0,38092.0,53356272272632,1419693000
2024-11-23,39300.0,39439.0,39300.0,54791956198213,1413193000
2024-11-22,38301.0,38438.0,38301.0,53227865064558,1408693000
2024-11-21,38303.0,38440.0,38303.0,53229833365502,1408693000
2024-11-20,37921.0,38056.0,37921.0,52699525137461,1408693000
2024-11-19,37757.0,37893.0,37757.0,52014471180905,1396593000
2024-11-18,36697.0,36831.0,36697.0,50099356710723,1384193000
2024-11-17,36526.0,36659.0,36526.0,49866148543010,1384193000
2024-11-16,36554.0,36687.0,36554.0,49904373479544,1384193000
2024-11-15,36633.0,36766.0,36633.0,50246288528081,1390593000
2024-11-14,36634.0,36767.0,36634.0,50248231426246,1390593000
2024-11-13,37236.0,37372.0,37236.0,51073497040587,1390593000
2024-11-12,36178.0,36310.0,36178.0,49622700826268,1390593000
2024-11-11,35847.0,35978.0,35847.0,48956293248663,1384693000
2024-11-10,36953.0,37087.0,36953.0,50992142309764,1398893000
2024-11-09,37910.0,38047.0,37910.0,52384309432823,1400793000
2024-11-08,38367.0,38506.0,38367.0,53016619052890,1400793000
2024-11-07,38369.0,38508.0,38369.0,53018609332879,1400793000
2024-11-06,38710.0,38850.0,38710.0,53489294264908,1400793000
2024-11-05,38513.0,38655.0,38513.0,53060375023521,1396693000
2024-11-04,38486.0,38627.0,38486.0,53102930997138,1398793000
2024-11-03,39346.0,39491.0,39346.0,54290276859055,1398793000
2024-11-02,39131.0,39275.0,39131.0,53875594310503,1395793000
2024-11-01,38752.0,38895.0,38752.0,53353946436028,1395793000
2024-10-31,38753.0,38896.0,38753.0,53355968079743,1395793000
2024-10-30,39188.0,39333.0,39188.0,53954073739813,1395793000
2024-10-29,39082.0,39227.0,39082.0,54449709005626,1412193000
2024-10-28,38038.0,38177.0,38038.0,53470264474041,1424693000
2024-10-27,37557.0,37695.0,37557.0,52813760003983,1425193000
2024-10-26,37826.0,37963.0,37826.0,53309024833884,1428293000
2024-10-25,39201.0,39344.0,39201.0,55286182162093,1429293000
2024-10-24,39203.0,39345.0,39203.0,55288228051498,1429293000
2024-10-23,39118.0,39260.0,39118.0,55168521507731,1429293000
2024-10-22,38497.0,38636.0,38497.0,54369086419557,1431293000
2024-10-21,38170.0,38308.0,38170.0,53881091451448,1430593000
2024-10-20,37345.0,37480.0,37345.0,52791712382689,1432593000
2024-10-19,37214.0,37347.0,37214.0,52267448189329,1423493000
2024-10-18,36447.0,36577.0,36447.0,50337275011996,1400093000
2024-10-17,36448.0,36579.0,36448.0,50339162073354,1400093000
2024-10-16,36415.0,36543.0,36415.0,50293534700815,1400093000
2024-10-15,35810.0,35938.0,35810.0,47771575171535,1352993000
2024-10-14,35931.0,36058.0,35931.0,47856441627074,1350893000
2024-10-13,35592.0,35718.0,35592.0,47433383521251,1351693000
2024-10-12,35239.0,35364.0,35239.0,46963171106202,1351693000
2024-10-11,35324.0,35450.0,35324.0,47147992997009,1353693000
2024-10-10,35326.0,35451.0,35326.0,47149764165502,1353693000
2024-10-09,35030.0,35151.0,35030.0,46754923825059,1353693000
2024-10-08,35207.0,35329.0,35207.0,46987805096405,1353593000
2024-10-07,35511.0,35635.0,35511.0,47393966285379,1353593000
2024-10-06,35667.0,35790.0,35667.0,47461905292723,1349693000
2024-10-05,35164.0,35285.0,35164.0,46532699450254,1342293000
2024-10-04,35108.0,35229.0,35108.0,44774038557202,1294293000
2024-10-03,35110.0,35230.0,35110.0,44775717922954,1294293000
2024-10-02,34974.0,35094.0,34974.0,44603165426720,1294293000
2024-10-01,34303.0,34420.0,34303.0,43551985818258,1288593000
2024-09-30,33863.0,33979.0,33863.0,42627567350056,1277793000
2024-09-29,33896.0,34012.0,33896.0,42668159005211,1277793000
2024-09-28,34767.0,34887.0,34767.0,43778656360473,1278193000
2024-09-27,33495.0,33610.0,33495.0,42049988298578,1274393000
2024-09-26,33496.0,33612.0,33496.0,42051596382358,1274393000
2024-09-25,33416.0,33531.0,33416.0,41950423039507,1274393000
2024-09-24,33674.0,33790.0,33674.0,42308106173821,1275393000
2024-09-23,33007.0,33120.0,33007.0,41430427773719,1274193000
2024-09-22,32700.0,32812.0,32700.0,40966938936788,1271793000
2024-09-21,32191.0,32302.0,32191.0,40287353594368,1270493000
2024-09-20,32192.0,32303.0,32192.0,40288837892685,1270493000
2024-09-19,32193.0,32304.0,32193.0,40290322191002,1270493000
2024-09-18,32218.0,32328.0,32218.0,40320775848359,1270493000
2024-09-17,32118.0,32229.0,32118.0,40196590910015,1270493000
2024-09-16,31982.0,32091.0,31982.0,40025400782022,1270493000
2024-09-15,31771.0,31881.0,31771.0,39524130206096,1262993000
2024-09-14,32007.0,32118.0,32007.0,39817409862252,1262993000
2024-09-13,31680.0,31790.0,31680.0,39410898069622,1262993000
2024-09-12,31682.0,31791.0,31682.0,39412353743764,1262993000
2024-09-11,31683.0,31792.0,31683.0,39413809417906,1262993000
2024-09-10,31531.0,31639.0,31531.0,39224392105549,1262993000
2024-09-09,31510.0,31619.0,31510.0,39199368782938,1262993000
2024-09-08,31376.0,31484.0,31376.0,38674670218570,1251593000
2024-09-07,31324.0,31433.0,31324.0,38259299202055,1240393000
2024-09-06,31559.0,31668.0,31559.0,38710481392752,1245593000
2024-09-05,31560.0,31670.0,31560.0,38711923535034,1245593000
2024-09-04,31643.0,31752.0,31643.0,38813145042743,1245593000
2024-09-03,31644.0,31754.0,31644.0,38814587052475,1245593000
2024-09-02,31615.0,31724.0,31615.0,38778789561658,1245593000
2024-09-01,31616.0,31725.0,31616.0,38780230708203,1245593000
2024-08-31,31447.0,31556.0,31447.0,38476022331171,1242493000
2024-08-30,31398.0,31507.0,31398.0,38230196704107,1236593000
2024-08-29,31399.0,31508.0,31399.0,38231620182458,1236593000
2024-08-28,31319.0,31428.0,31319.0,38134679483266,1236593000
2024-08-27,31046.0,31154.0,31046.0,37646977237131,1231593000
2024-08-26,31433.0,31543.0,31433.0,37971121742570,1226993000
2024-08-25,31057.0,31165.0,31057.0,37446298871737,1224693000
2024-08-24,31059.0,31166.0,31059.0,37447700521090,1224693000
2024-08-23,30951.0,31058.0,30951.0,37132159570528,1218693000
2024-08-22,30952.0,31060.0,30952.0,37133551692010,1218693000
2024-08-21,30964.0,31071.0,30964.0,37147573437533,1218693000
2024-08-20,30892.0,30999.0,30892.0,37024499151838,1217493000
2024-08-19,30820.0,30927.0,30820.0,36627236593257,1207393000
2024-08-18,30452.0,30557.0,30452.0,36185985099021,1207293000
2024-08-17,30308.0,30413.0,30308.0,35961052768717,1205493000
2024-08-16,30409.0,30515.0,30409.0,36044387569271,1204293000
2024-08-15,30410.0,30516.0,30410.0,36045750593723,1204293000
2024-08-14,30534.0,30640.0,30534.0,36192736625199,1204293000
2024-08-13,30574.0,30679.0,30574.0,36239263303834,1204293000
2024-08-12,30845.0,30951.0,30845.0,36560788427839,1204293000
2024-08-11,30395.0,30500.0,30395.0,35687126056018,1193093000
2024-08-10,31034.0,31142.0,31034.0,36431615420802,1192893000
2024-08-09,31373.0,31482.0,31373.0,36829070767587,1192893000
2024-08-08,31374.0,31483.0,31374.0,36830438030566,1192893000
2024-08-07,31402.0,31511.0,31402.0,36863104754225,1192893000
2024-08-06,31403.0,31512.0,31403.0,36864470387941,1192893000
2024-08-05,31409.0,31518.0,31409.0,36365804354340,1176793000
2024-08-04,31455.0,31565.0,31455.0,36233517623520,1170893000
2024-08-03,31778.0,31889.0,31778.0,36548194766607,1169093000
2024-08-02,31171.0,31279.0,31171.0,35394734018567,1154493000
2024-08-01,31172.0,31280.0,31172.0,35396047906213,1154493000
2024-07-31,30959.0,31065.0,30959.0,35153775500245,1154493000
2024-07-30,30436.0,30541.0,30436.0,34542499605308,1153893000
2024-07-29,30409.0,30514.0,30409.0,34490008945516,1153193000
2024-07-28,29952.0,30056.0,29952.0,33747067759701,1145693000
2024-07-27,29953.0,30057.0,29953.0,33748341540180,1145693000
2024-07-26,29644.0,29747.0,29644.0,32845492439861,1126993000
2024-07-25,29645.0,29748.0,29645.0,32846738323771,1126993000
2024-07-24,29852.0,29956.0,29852.0,33076639825679,1126993000
2024-07-23,29866.0,29971.0,29866.0,32512572173478,1107593000
2024-07-22,29375.0,29479.0,29375.0,31749099866371,1099793000
2024-07-21,29381.0,29488.0,29381.0,30903739015020,1070793000
2024-07-20,29206.0,29311.0,29206.0,30538120831533,1064593000
2024-07-19,29638.0,29745.0,29638.0,30239731604372,1039293000
2024-07-18,29639.0,29747.0,29639.0,30240903438472,1039293000
2024-07-17,29738.0,29846.0,29738.0,30341604843022,1039293000
2024-07-16,29451.0,29559.0,29451.0,29554691276112,1022493000
2024-07-15,29452.0,29561.0,29452.0,29555843939301,1022493000
2024-07-14,29454.0,29562.0,29454.0,29556996602490,1022493000
2024-07-13,29029.0,29138.0,29029.0,28489808296925,1000393000
2024-07-12,29185.0,29293.0,29185.0,28642010294750,1000393000
2024-07-11,29186.0,29294.0,29186.0,28643023988994,1000393000
2024-07-10,29250.0,29359.0,29250.0,28706323095235,1000393000
2024-07-09,29097.0,29205.0,29097.0,28579282646266,1001193000
2024-07-08,29493.0,29603.0,29493.0,28971064163939,1001293000
2024-07-07,30040.0,30152.0,30040.0,29509028034962,1001293000
2024-07-06,29903.0,30015.0,29903.0,29374276434803,1001293000
2024-07-05,30543.0,30662.0,30543.0,30329387604340,1011993000
2024-07-04,30544.0,30663.0,30544.0,30330449030449,1011993000
2024-07-03,30554.0,30673.0,30554.0,30340699279879,1011993000
2024-07-02,31043.0,31164.0,31043.0,30966166039107,1016493000
2024-07-01,31105.0,31226.0,31105.0,31027295899111,1016493000
2024-06-30,31355.0,31476.0,31355.0,31477472033975,1022893000
2024-06-29,30626.0,30743.0,30626.0,30693287831925,1021193000
2024-06-28,30462.0,30579.0,30462.0,30154270000586,1008893000
2024-06-27,30463.0,30580.0,30463.0,30155273863183,1008893000
2024-06-26,30313.0,30430.0,30313.0,30006962888724,1008893000
2024-06-25,30428.0,30546.0,30428.0,29770864016869,997393000
2024-06-24,30429.0,30547.0,30429.0,29772025771917,997393000
2024-06-23,29720.0,29835.0,29720.0,29078451806493,997393000
2024-06-22,29392.0,29423.0,29392.0,28343296915082,983293000
2024-06-21,29045.0,29075.0,29045.0,28002583462901,983093000
2024-06-20,29046.0,29076.0,29046.0,28003556790153,983093000
2024-06-19,29026.0,29056.0,29026.0,27984404910914,983093000
2024-06-18,28913.0,28949.0,28913.0,27860894617457,982593000
2024-06-17,29109.0,29144.0,29109.0,28049402478593,982593000
2024-06-16,29110.0,29145.0,29110.0,28050377930418,982593000
2024-06-15,29151.0,29187.0,29151.0,28090167844308,982593000
2024-06-14,28928.0,28964.0,28928.0,27872798964819,982493000
2024-06-13,28929.0,28965.0,28929.0,27873770755175,982493000
2024-06-12,28978.0,29014.0,28978.0,27920793965022,982493000
2024-06-11,28873.0,28909.0,28873.0,27865411866099,984093000
2024-06-10,29034.0,29070.0,29034.0,28015121422757,983893000
2024-06-09,29276.0,29312.0,29276.0,28248669399600,983893000
2024-06-08,29258.0,29294.0,29258.0,28298511933701,986193000
2024-06-07,29520.0,29556.0,29520.0,28551714946052,986193000
2024-06-06,29521.0,29557.0,29521.0,28552702106892,986193000
2024-06-05,29557.0,29593.0,29557.0,28587519935934,986193000
2024-06-04,29768.0,29804.0,29768.0,28684426682833,982593000
2024-06-03,29769.0,29805.0,29769.0,28685417560712,982593000
2024-06-02,29770.0,29806.0,29770.0,28686350404749,982593000
2024-06-01,29290.0,29326.0,29290.0,28183084130072,981193000
2024-05-31,29570.0,29607.0,29570.0,28431799748379,980493000
2024-05-30,29571.0,29608.0,29571.0,28432783059700,980493000
2024-05-29,29588.0,29625.0,29588.0,28449319820665,980493000
2024-05-28,30231.0,30269.0,30231.0,29067709970652,980493000
2024-05-27,29316.0,29352.0,29316.0,28114181919486,977993000
2024-05-26,28727.0,28763.0,28727.0,27465899872945,975093000
2024-05-25,28612.0,28647.0,28612.0,27321452732805,973893000
2024-05-24,29239.0,29276.0,29239.0,27920989491927,973893000
2024-05-23,29240.0,29277.0,29240.0,27921965358780,973893000
2024-05-22,29558.0,29595.0,29558.0,28225428144373,973893000
2024-05-21,29559.0,29596.0,29559.0,28226403383906,973893000
2024-05-20,29436.0,29473.0,29436.0,28103060440685,973693000
2024-05-19,29437.0,29474.0,29437.0,28104008226057,973693000
2024-05-18,29390.0,29426.0,29390.0,27797044625713,964793000
2024-05-17,29621.0,29657.0,29621.0,27953151849213,962693000
2024-05-16,29622.0,29658.0,29622.0,27954121645973,962693000
2024-05-15,29720.0,29757.0,29720.0,28047429027685,962693000
2024-05-14,29644.0,29681.0,29644.0,27954989362418,961993000
2024-05-13,29705.0,29741.0,29705.0,27934593042051,959393000
2024-05-12,30111.0,30148.0,30111.0,28192809618583,955293000
2024-05-11,30296.0,30334.0,30296.0,28366544653253,955293000
2024-05-10,30394.0,30432.0,30394.0,28458369381248,955293000
2024-05-09,30396.0,30433.0,30396.0,28459662338512,955293000
2024-05-08,30397.0,30435.0,30397.0,28461317159901,955293000
2024-05-07,30453.0,30490.0,30453.0,28464398158541,953693000
2024-05-06,30870.0,30907.0,30870.0,28853992481815,953693000
2024-05-05,30036.0,30073.0,30036.0,27834773853337,945693000
2024-05-04,30725.0,30762.0,30725.0,28457417030211,945193000
2024-05-03,30726.0,30763.0,30726.0,28458238019285,945193000
2024-05-02,30726.0,30764.0,30726.0,28459051210752,945193000
2024-05-01,30732.0,30770.0,30732.0,28464394563886,945193000
2024-04-30,31391.0,31429.0,31391.0,29075048962807,945193000
2024-04-29,31060.0,31098.0,31060.0,28709414788641,943293000
2024-04-28,30487.0,30524.0,30487.0,27648530097111,925893000
2024-04-27,30487.0,30524.0,30487.0,27404795816379,917893000
2024-04-26,30957.0,30995.0,30957.0,27827615109131,917893000
2024-04-25,30958.0,30996.0,30958.0,27828422925212,917893000
2024-04-24,31020.0,31058.0,31020.0,27884375995217,917893000
2024-04-23,31273.0,31311.0,31273.0,28111543165149,917893000
2024-04-22,31975.0,32014.0,31975.0,28742559257042,917893000
2024-04-21,32383.0,32422.0,32383.0,29108934577612,917893000
2024-04-20,32166.0,32205.0,32166.0,28914248466724,917893000
2024-04-19,33670.0,33711.0,33670.0,30256124622916,917593000
2024-04-18,33703.0,33744.0,33703.0,30285882734420,917593000
2024-04-17,33703.0,33744.0,33703.0,30285977139718,917593000
2024-04-16,32939.0,32979.0,32939.0,29302531404642,908593000
2024-04-15,32297.0,32337.0,32297.0,28653771928696,906193000
2024-04-14,33073.0,33114.0,33073.0,29342233676461,906193000
2024-04-13,33487.0,33529.0,33487.0,29710266529725,906193000
2024-04-12,31990.0,32029.0,31990.0,28381341961492,906193000
2024-04-11,31990.0,32030.0,31990.0,28382146613489,906193000
2024-04-10,31991.0,32031.0,31991.0,28382951458814,906193000
2024-04-09,31992.0,32032.0,31992.0,28383756304139,906193000
2024-04-08,30822.0,30860.0,30822.0,26962892296635,893793000
2024-04-07,31480.0,31520.0,31480.0,27268295439439,885193000
2024-04-06,32362.0,32403.0,32362.0,28035466433105,885293000
2024-04-05,31873.0,31914.0,31873.0,27611990831872,885293000
2024-04-04,31874.0,31914.0,31874.0,27612767921739,885293000
2024-04-03,31354.0,31394.0,31354.0,27161946136482,885293000
2024-04-02,30604.0,30643.0,30604.0,26512034286434,885293000
2024-04-01,29303.0,29341.0,29303.0,25385834489290,885293000
2024-03-31,29304.0,29342.0,29304.0,25386560318731,885293000
2024-03-30,29305.0,29342.0,29305.0,25387286148172,885293000
2024-03-29,28973.0,29009.0,28973.0,25099349277488,885293000
2024-03-28,28974.0,29010.0,28974.0,25100062058112,885293000
2024-03-27,28882.0,28918.0,28882.0,25020499578477,885293000
2024-03-26,28879.0,28915.0,28879.0,25017772243403,885293000
2024-03-25,28932.0,28969.0,28932.0,24945457139544,881193000
2024-03-24,29106.0,29144.0,29106.0,24653138284356,865993000
2024-03-23,28485.0,28522.0,28485.0,24018958220790,862193000
2024-03-22,28486.0,28523.0,28486.0,24019642470708,862193000
2024-03-21,28487.0,28524.0,28487.0,24020326720626,862193000
2024-03-20,28488.0,28525.0,28488.0,24021010970544,862193000
2024-03-19,28488.0,28525.0,28488.0,24021695729692,862193000
2024-03-18,28489.0,28526.0,28489.0,24022380276386,862193000
2024-03-17,27863.0,27899.0,27863.0,23494689893477,862193000
2024-03-16,27447.0,27482.0,27447.0,23011433606977,857393000
2024-03-15,27049.0,27084.0,27049.0,22640087366919,855993000
2024-03-14,27050.0,27085.0,27050.0,22640732154388,855993000
2024-03-13,26914.0,26949.0,26914.0,22527243483304,855993000
2024-03-12,27124.0,27159.0,27124.0,22691771957244,855593000
2024-03-11,27205.0,27241.0,27205.0,22754827296205,855393000
2024-03-10,27100.0,27136.0,27100.0,22458150383960,847693000
2024-03-09,27778.0,27814.0,27778.0,23031184970879,848093000
2024-03-08,27409.0,27445.0,27409.0,22316982139057,833193000
2024-03-07,27410.0,27446.0,27410.0,22317621115330,833193000
2024-03-06,27353.0,27389.0,27353.0,22271295332469,833193000
2024-03-05,27445.0,27481.0,27445.0,22260615817790,830093000
2024-03-04,26574.0,26609.0,26574.0,21506923011700,828293000
2024-03-03,25978.0,26012.0,25978.0,21008693236638,827693000
