DT,PersianDate,ContractCode,FirstPrice,MaxPrice,MinPrice,LastPrice,TradesVolume,TradesValue,OpenInterest,ChangeOpenInterest,ActiveCustomers,ActiveBrokers,C_Buy,C_Sell,LastSettlementPrice,TodaySettlementPrice,SettlementPricePercent
2024-12-09T00:00:00,1403/09/19,CD1SIB0001,0,0,0,0,0,0,0,0,0,0,0,0,0,850000.0,0
2024-12-10T00:00:00,1403/09/20,CD1SIB0001,880500.0,920000.0,880000.0,895000.0,280165,249139868690,277406,0,350,34,354,19,0,889261.0,0
2024-12-11T00:00:00,1403/09/21,CD1SIB0001,915000.0,932000.0,914000.0,929990.0,159393,146927059470,431687,154281,476,36,202,16,889261.0,921791.0,3.6581
2024-12-12T00:00:00,1403/09/22,CD1SIB0001,929900.0,930100.0,927120.0,929990.0,42378,39408379610,473687,42000,532,38,114,10,921791.0,929925.0,0.8824
2024-12-14T00:00:00,1403/09/24,CD1SIB0001,929700.0,940000.0,929700.0,940000.0,82857,77319294750,541605,67918,614,39,183,18,929925.0,933166.0,0.3485
2024-12-15T00:00:00,1403/09/25,CD1SIB0001,940000.0,940010.0,934000.0,936000.0,41001,38455339920,563335,21730,687,42,169,17,933166.0,937912.0,0.5086
2024-12-16T00:00:00,1403/09/26,CD1SIB0001,940000.0,940000.0,939750.0,939940.0,60646,57005104270,607333,43998,749,46,139,10,937912.0,939965.0,0.2189
2024-12-17T00:00:00,1403/09/27,CD1SIB0001,933510.0,960000.0,933510.0,957970.0,161592,153769159800,757503,150170,793,48,128,31,939965.0,951589.0,1.2366
2024-12-18T00:00:00,1403/09/28,CD1SIB0001,950000.0,950010.0,949410.0,950000.0,153951,146252608100,906960,149457,852,48,160,7,951589.0,949995.0,-0.1675
2024-12-19T00:00:00,1403/09/29,CD1SIB0001,949990.0,950000.0,939880.0,950000.0,4361,4125742610,907770,810,859,48,36,15,949995.0,946054.0,-0.4148
2024-12-21T00:00:00,1403/10/01,CD1SIB0001,940000.0,950000.0,940000.0,950000.0,11223,10649003400,913624,5854,888,49,86,18,946054.0,948855.0,0.2961
2024-12-22T00:00:00,1403/10/02,CD1SIB0001,949980.0,950000.0,935000.0,949000.0,100928,94634242040,1011705,98081,920,50,116,8,948855.0,937641.0,-1.1818
2024-12-23T00:00:00,1403/10/03,CD1SIB0001,949990.0,950000.0,949000.0,949990.0,28736,27297723680,1030156,18451,977,50,146,16,937641.0,949949.0,1.3127
2024-12-24T00:00:00,1403/10/04,CD1SIB0001,949980.0,949990.0,949000.0,949920.0,29344,27874561790,1055948,25792,1023,50,132,19,949949.0,949924.0,-0.0026
2024-12-25T00:00:00,1403/10/05,CD1SIB0001,946400.0,954000.0,944120.0,954000.0,89504,84729444390,1136827,80879,1052,50,107,17,949924.0,946655.0,-0.3441
2024-12-26T00:00:00,1403/10/06,CD1SIB0001,956000.0,956000.0,955940.0,956000.0,4154,3971182370,1139848,3021,1070,50,63,7,946655.0,955990.0,0.9861
2024-12-28T00:00:00,1403/10/08,CD1SIB0001,955000.0,970000.0,955000.0,970000.0,25245,24476718340,1155865,16017,1087,50,120,24,955990.0,969567.0,1.4202
2024-12-29T00:00:00,1403/10/09,CD1SIB0001,985000.0,985000.0,970000.0,985000.0,22380,22035038130,1158478,2613,1116,50,110,30,969567.0,984586.0,1.549
2024-12-30T00:00:00,1403/10/10,CD1SIB0001,977600.0,985000.0,964000.0,985000.0,114138,110239050620,1269339,110861,1149,50,105,12,984586.0,965840.0,-1.9039
2024-12-31T00:00:00,1403/10/11,CD1SIB0001,980000.0,984990.0,967500.0,980000.0,110530,107183891990,1367340,98001,1179,50,113,10,965840.0,969727.0,0.4024
2025-01-01T00:00:00,1403/10/12,CD1SIB0001,984890.0,984980.0,969000.0,969000.0,60144,58395756380,1415256,47916,1211,51,127,6,969727.0,970932.0,0.1243
2025-01-02T00:00:00,1403/10/13,CD1SIB0001,978990.0,979000.0,970000.0,971970.0,4319,4198653470,1416149,893,1218,51,36,5,970932.0,972136.0,0.124
2025-01-04T00:00:00,1403/10/15,CD1SIB0001,950260.0,969990.0,945000.0,949990.0,124794,118949575440,1526743,110594,1242,51,114,23,972136.0,953167.0,-1.9513
2025-01-05T00:00:00,1403/10/16,CD1SIB0001,959990.0,959990.0,945600.0,945600.0,36057,34246424150,1542762,16019,1268,51,123,15,953167.0,949786.0,-0.3547
2025-01-06T00:00:00,1403/10/17,CD1SIB0001,954000.0,954000.0,935000.0,940000.0,99091,93415773970,1620403,77641,1288,51,113,15,949786.0,942727.0,-0.7432
2025-01-07T00:00:00,1403/10/18,CD1SIB0001,966900.0,967000.0,948000.0,955000.0,24713,23669950240,1641368,20965,1316,52,84,18,942727.0,957793.0,1.5981
2025-01-08T00:00:00,1403/10/19,CD1SIB0001,966920.0,966920.0,945000.0,947000.0,279048,265844537480,1917257,275889,1345,53,155,16,957793.0,952684.0,-0.5334
2025-01-09T00:00:00,1403/10/20,CD1SIB0001,967000.0,967000.0,960000.0,960000.0,1306,1259397710,1918431,1174,1349,53,31,6,952684.0,964317.0,1.2211
2025-01-11T00:00:00,1403/10/22,CD1SIB0001,965000.0,969000.0,946500.0,957000.0,109947,104264827970,2022516,104085,1375,53,106,22,964317.0,948319.0,-1.659
2025-01-12T00:00:00,1403/10/23,CD1SIB0001,950000.0,962990.0,946000.0,953010.0,378724,362402713690,2400481,377965,1413,53,101,11,948319.0,956905.0,0.9054
2025-01-13T00:00:00,1403/10/24,CD1SIB0001,969970.0,970000.0,952000.0,963000.0,283685,273515170340,2673800,273319,1421,54,94,35,956905.0,964151.0,0.7572
2025-01-14T00:00:00,1403/10/25,CD1SIB0001,0,0,0,0,0,0,2673800,0,1421,54,0,0,964151.0,964151.0,0
2025-01-15T00:00:00,1403/10/26,CD1SIB0001,968980.0,968980.0,932000.0,941050.0,609354,574767527240,3279080,605280,1440,54,134,24,964151.0,943241.0,-2.1687
2025-01-16T00:00:00,1403/10/27,CD1SIB0001,966850.0,966850.0,943000.0,944150.0,17486,16545839910,3291955,12875,1446,54,52,7,943241.0,946234.0,0.3173
2025-01-18T00:00:00,1403/10/29,CD1SIB0001,956980.0,956980.0,945000.0,949990.0,500047,474844610560,3785268,493313,1471,54,97,17,946234.0,949600.0,0.3557
2025-01-19T00:00:00,1403/10/30,CD1SIB0001,935140.0,950000.0,935140.0,950000.0,382840,362093762170,4089348,304080,1488,54,81,16,949600.0,945810.0,-0.3991
2025-01-20T00:00:00,1403/11/01,CD1SIB0001,969990.0,969990.0,936510.0,936510.0,178702,168935835180,4266327,176979,1510,54,127,18,945810.0,945349.0,-0.0487
2025-01-21T00:00:00,1403/11/02,CD1SIB0001,987990.0,987990.0,900000.0,900020.0,658236,611307805740,4625125,358798,1557,55,214,20,945349.0,928706.0,-1.7605
2025-01-22T00:00:00,1403/11/03,CD1SIB0001,950000.0,950000.0,920000.0,936940.0,208380,194017300680,4819983,194858,1586,55,144,31,928706.0,931074.0,0.255
2025-01-23T00:00:00,1403/11/04,CD1SIB0001,957000.0,957000.0,938000.0,938000.0,43376,41119442140,4855360,35377,1596,55,63,18,931074.0,947977.0,1.8154
2025-01-25T00:00:00,1403/11/06,CD1SIB0001,940000.0,949960.0,906550.0,910000.0,65236,59898137960,4901143,45783,1627,55,183,20,947977.0,918176.0,-3.1436
2025-01-26T00:00:00,1403/11/07,CD1SIB0001,937800.0,937800.0,900000.0,905000.0,644755,581674857490,5542867,641724,1658,55,173,24,918176.0,902164.0,-1.7439
2025-01-27T00:00:00,1403/11/08,CD1SIB0001,920000.0,920000.0,900000.0,909910.0,205323,184902640710,5719586,176719,1686,55,145,21,902164.0,900545.0,-0.1795
2025-01-28T00:00:00,1403/11/09,CD1SIB0001,0,0,0,0,0,0,5719586,0,1686,55,0,0,900545.0,900545.0,0
2025-01-29T00:00:00,1403/11/10,CD1SIB0001,910000.0,910000.0,899000.0,900000.0,357707,321920604030,6068639,349053,1721,55,154,30,900545.0,899956.0,-0.0654
2025-01-30T00:00:00,1403/11/11,CD1SIB0001,918000.0,918000.0,900010.0,904000.0,14224,12902550380,6080292,11653,1728,56,50,9,899956.0,907097.0,0.7935
2025-02-01T00:00:00,1403/11/13,CD1SIB0001,910000.0,920000.0,900000.0,900000.0,135514,122484869050,6212880,132588,1769,56,185,22,907097.0,903854.0,-0.3575
2025-02-02T00:00:00,1403/11/14,CD1SIB0001,910000.0,910000.0,899010.0,901990.0,32087,28895204240,6243297,30417,1792,56,132,21,903854.0,900527.0,-0.3681
2025-02-03T00:00:00,1403/11/15,CD1SIB0001,910000.0,910000.0,899000.0,901940.0,75107,67636407000,6306583,63286,1813,57,130,26,900527.0,900534.0,0.0008
2025-02-04T00:00:00,1403/11/16,CD1SIB0001,919850.0,919850.0,893000.0,899990.0,238763,213925736690,6539760,233177,1839,57,143,26,900534.0,895975.0,-0.5063
2025-02-05T00:00:00,1403/11/17,CD1SIB0001,924990.0,924990.0,900000.0,916500.0,183863,167216855190,6694891,155131,1865,57,156,44,895975.0,909464.0,1.5055
2025-02-06T00:00:00,1403/11/18,CD1SIB0001,929990.0,929990.0,910010.0,919830.0,30335,27769832410,6722027,27136,1881,57,72,16,909464.0,915439.0,0.657
2025-02-08T00:00:00,1403/11/20,CD1SIB0001,0,0,0,0,0,0,6722027,0,1881,57,0,0,915439.0,915439.0,0
2025-02-09T00:00:00,1403/11/21,CD1SIB0001,955000.0,961210.0,926000.0,961210.0,572623,537961881950,6894027,172000,1904,58,146,54,915439.0,939470.0,2.6251
2025-02-10T00:00:00,1403/11/22,CD1SIB0001,0,0,0,0,0,0,6894027,0,1904,58,0,0,939470.0,939470.0,0
2025-02-11T00:00:00,1403/11/23,CD1SIB0001,964110.0,980900.0,938500.0,958990.0,113956,108736532710,6954653,60626,1921,58,200,74,939470.0,954198.0,1.5677
2025-02-12T00:00:00,1403/11/24,CD1SIB0001,0,0,0,0,0,0,6954653,0,1921,58,0,0,954198.0,954198.0,0
2025-02-13T00:00:00,1403/11/25,CD1SIB0001,969900.0,969900.0,950000.0,960000.0,40534,38840417250,6987671,33018,1935,58,74,18,954198.0,958218.0,0.4213
2025-02-15T00:00:00,1403/11/27,CD1SIB0001,970000.0,978890.0,951010.0,963960.0,338708,324835857080,7312434,324763,1961,58,160,34,958218.0,959044.0,0.0862
2025-02-16T00:00:00,1403/11/28,CD1SIB0001,969000.0,971890.0,960500.0,970000.0,62937,60745180190,7354794,42360,1977,58,124,40,959044.0,965174.0,0.6392
2025-02-17T00:00:00,1403/11/29,CD1SIB0001,970000.0,982480.0,970000.0,980000.0,490208,480110801340,7767095,412301,2000,58,142,49,965174.0,979402.0,1.4741
2025-02-18T00:00:00,1403/11/30,CD1SIB0001,989980.0,1022000.0,984000.0,1016990.0,424334,430383513790,8098972,331877,2013,58,129,45,979402.0,1014256.0,3.5587
2025-02-19T00:00:00,1403/12/01,CD1SIB0001,1034990.0,1064940.0,1000000.0,1005280.0,157301,160306226390,8216054,117082,2061,58,217,41,1014256.0,1019105.0,0.4781
2025-02-20T00:00:00,1403/12/02,CD1SIB0001,1059800.0,1070060.0,1055000.0,1060010.0,64067,68348059610,8220207,4153,2067,58,87,34,1019105.0,1066822.0,4.6822
2025-02-22T00:00:00,1403/12/04,CD1SIB0001,1090000.0,1102390.0,1067050.0,1067190.0,206919,222981165100,8388028,167821,2081,58,195,49,1066822.0,1077625.0,1.0126
2025-02-23T00:00:00,1403/12/05,CD1SIB0001,1066400.0,1066400.0,1027000.0,1039980.0,299310,310026838250,8577545,189517,2111,58,185,46,1077625.0,1035805.0,-3.8808
2025-02-24T00:00:00,1403/12/06,CD1SIB0001,1055950.0,1055950.0,1026470.0,1032960.0,192673,198446640200,8742369,164824,2131,58,115,26,1035805.0,1029966.0,-0.5637
2025-02-25T00:00:00,1403/12/07,CD1SIB0001,1019970.0,1019970.0,994560.0,1000160.0,192406,192275748770,8860845,118476,2146,58,156,33,1029966.0,999323.0,-2.9751
2025-02-26T00:00:00,1403/12/08,CD1SIB0001,1010000.0,1028000.0,1000000.0,1011980.0,218125,219804911150,8868681,7836,2174,58,145,22,999323.0,1007702.0,0.8385
2025-02-27T00:00:00,1403/12/09,CD1SIB0001,1003000.0,1018960.0,993030.0,1000980.0,14251,14270867250,8878681,10000,2170,58,44,19,1007702.0,1001394.0,-0.626
2025-03-01T00:00:00,1403/12/11,CD1SIB0001,1026000.0,1026000.0,970050.0,978090.0,59596,58623622290,8881057,2376,2183,58,168,33,1001394.0,983684.0,-1.7685
2025-03-02T00:00:00,1403/12/12,CD1SIB0001,1000000.0,1000000.0,978050.0,994390.0,326247,321286959210,9079779,198722,2193,59,145,34,983684.0,984797.0,0.1131
2025-03-03T00:00:00,1403/12/13,CD1SIB0001,999890.0,999890.0,957660.0,960000.0,344037,329894095860,9183076,103297,2214,60,153,20,984797.0,958891.0,-2.6306
2025-03-04T00:00:00,1403/12/14,CD1SIB0001,974000.0,974000.0,960000.0,960000.0,471339,454499199830,9416591,233515,2233,60,172,22,958891.0,964272.0,0.5612
2025-03-05T00:00:00,1403/12/15,CD1SIB0001,969170.0,969170.0,935000.0,943000.0,207629,196230164880,9433210,16619,2250,60,149,31,964272.0,945100.0,-1.9882
2025-03-06T00:00:00,1403/12/16,CD1SIB0001,943000.0,948970.0,935000.0,941000.0,173313,162226347160,9596665,163455,2259,60,86,15,945100.0,936031.0,-0.9596
2025-03-08T00:00:00,1403/12/18,CD1SIB0001,962000.0,973960.0,944000.0,959950.0,345152,329975151440,9882045,285380,2281,60,171,25,936031.0,956029.0,2.1365
2025-03-09T00:00:00,1403/12/19,CD1SIB0001,980000.0,995000.0,959000.0,979990.0,196832,190055673420,9996731,114686,2304,60,155,30,956029.0,965573.0,0.9983
2025-03-10T00:00:00,1403/12/20,CD1SIB0001,980000.0,995000.0,970000.0,994000.0,53708,52941273870,10024147,27416,2305,60,80,43,965573.0,985724.0,2.0869
2025-03-11T00:00:00,1403/12/21,CD1SIB0001,975000.0,989990.0,959910.0,959910.0,306013,295025728620,10209222,185075,2341,60,174,26,985724.0,964095.0,-2.1942
2025-03-12T00:00:00,1403/12/22,CD1SIB0001,988960.0,988960.0,950000.0,962610.0,414626,395837565940,10603817,394595,2349,60,181,61,964095.0,954686.0,-0.9759
2025-03-13T00:00:00,1403/12/23,CD1SIB0001,959050.0,978480.0,957000.0,964000.0,272911,261290765010,10869707,265890,2347,60,49,25,954686.0,957421.0,0.2865
2025-03-15T00:00:00,1403/12/25,CD1SIB0001,958000.0,975000.0,958000.0,966000.0,132473,128010327460,10869707,0,2347,60,137,53,957421.0,966313.0,0.9287
2025-03-16T00:00:00,1403/12/26,CD1SIB0001,970000.0,1014620.0,970000.0,1000000.0,126396,124501730150,10980953,111246,2360,60,143,57,966313.0,985013.0,1.9352
2025-03-17T00:00:00,1403/12/27,CD1SIB0001,1030000.0,1034260.0,1020010.0,1034010.0,171037,176636175920,11108109,127156,2372,60,166,52,985013.0,1032737.0,4.845
2025-03-18T00:00:00,1403/12/28,CD1SIB0001,1084370.0,1084370.0,1084000.0,1084370.0,48547,52642632890,11108109,0,2359,60,18,35,1032737.0,1084364.0,4.999
2025-03-19T00:00:00,1403/12/29,CD1SIB0001,0,0,0,0,0,0,11108109,0,2359,60,0,0,1084364.0,1084364.0,0
2025-03-20T00:00:00,1403/12/30,CD1SIB0001,0,0,0,0,0,0,11108109,0,2359,60,0,0,1084364.0,1084364.0,0
2025-03-22T00:00:00,1404/01/02,CD1SIB0001,0,0,0,0,0,0,11108109,0,2359,60,0,0,1084364.0,1084364.0,0
2025-03-23T00:00:00,1404/01/03,CD1SIB0001,0,0,0,0,0,0,11108109,0,2359,60,0,0,1084364.0,1084364.0,0
2025-03-24T00:00:00,1404/01/04,CD1SIB0001,0,0,0,0,0,0,11108109,0,2359,60,0,0,1084364.0,1084364.0,0
2025-03-25T00:00:00,1404/01/05,CD1SIB0001,1130580.0,1138580.0,1095000.0,1137000.0,126028,140553041530,11108279,170,2367,60,162,60,1084364.0,1115252.0,2.8485
2025-03-26T00:00:00,1404/01/06,CD1SIB0001,1154390.0,1171000.0,1141920.0,1157350.0,207924,241861738170,11273779,165500,2376,60,127,41,1115252.0,1163222.0,4.3013
2025-03-27T00:00:00,1404/01/07,CD1SIB0001,1197990.0,1197990.0,1150000.0,1160000.0,40355,47026902350,11293500,19721,2387,60,88,27,1163222.0,1165330.0,0.1812
2025-03-29T00:00:00,1404/01/09,CD1SIB0001,1171000.0,1223590.0,1171000.0,1223590.0,323675,392672863580,11458822,165322,2374,60,124,72,1165330.0,1213170.0,4.1053
2025-03-30T00:00:00,1404/01/10,CD1SIB0001,1224000.0,1259980.0,1200000.0,1238790.0,151052,185929873850,11460252,1430,2387,60,158,62,1213170.0,1230900.0,1.4615
2025-03-31T00:00:00,1404/01/11,CD1SIB0001,0,0,0,0,0,0,11460252,0,2387,60,0,0,1230900.0,1230900.0,0
2025-04-01T00:00:00,1404/01/12,CD1SIB0001,0,0,0,0,0,0,11460252,0,2387,60,0,0,1230900.0,1230900.0,0
2025-04-02T00:00:00,1404/01/13,CD1SIB0001,0,0,0,0,0,0,11460252,0,2387,60,0,0,1230900.0,1230900.0,0
2025-04-03T00:00:00,1404/01/14,CD1SIB0001,0,0,0,0,0,0,11460252,0,2387,60,0,0,1230900.0,1230900.0,0
2025-04-05T00:00:00,1404/01/16,CD1SIB0001,1169360.0,1169360.0,1169360.0,1169360.0,18975,22188606000,11460252,0,2407,60,100,3,1230900.0,1169360.0,-4.9996
2025-04-06T00:00:00,1404/01/17,CD1SIB0001,1110900.0,1143000.0,1110900.0,1110900.0,244741,272507517550,11592053,131801,2430,60,228,65,1169360.0,1113453.0,-4.781
2025-04-07T00:00:00,1404/01/18,CD1SIB0001,1159750.0,1169120.0,1130020.0,1157900.0,126193,145850490430,11695717,103664,2446,61,150,59,1113453.0,1155773.0,3.8008
2025-04-08T00:00:00,1404/01/19,CD1SIB0001,1097990.0,1097990.0,1097990.0,1097990.0,52888,58070495120,11705196,9479,2453,61,117,23,1155773.0,1097990.0,-4.9995
2025-04-09T00:00:00,1404/01/20,CD1SIB0001,1120000.0,1120870.0,1043100.0,1043100.0,62189,65574179980,11704994,-202,2484,61,195,37,1097990.0,1054434.0,-3.9669
2025-04-10T00:00:00,1404/01/21,CD1SIB0001,1102390.0,1102390.0,1035000.0,1060000.0,13962,14867082940,11705073,79,2488,61,56,25,1054434.0,1064825.0,0.9855
2025-04-12T00:00:00,1404/01/23,CD1SIB0001,1070000.0,1080000.0,1011590.0,1011590.0,50754,51734724210,11727079,22006,2513,61,186,27,1064825.0,1019323.0,-4.2732
2025-04-13T00:00:00,1404/01/24,CD1SIB0001,968360.0,968360.0,968360.0,968360.0,23920,23163171200,11727079,0,2517,61,106,11,1019323.0,968360.0,-4.9997
2025-04-14T00:00:00,1404/01/25,CD1SIB0001,931000.0,1016770.0,919950.0,920000.0,288137,266022824750,11727579,500,2540,61,245,38,968360.0,923251.0,-4.6583
2025-04-15T00:00:00,1404/01/26,CD1SIB0001,969400.0,969400.0,950000.0,959000.0,68813,66124988210,11736641,9062,2543,61,98,40,923251.0,960937.0,4.0819
2025-04-16T00:00:00,1404/01/27,CD1SIB0001,960000.0,990000.0,960000.0,979980.0,30034,29568031730,11738767,2126,2543,61,68,38,960937.0,984485.0,2.4505
2025-04-17T00:00:00,1404/01/28,CD1SIB0001,975000.0,980000.0,950200.0,976000.0,3445,3349512840,11738767,0,2542,61,24,12,984485.0,972282.0,-1.2395
2025-04-19T00:00:00,1404/01/30,CD1SIB0001,940000.0,944990.0,923670.0,923670.0,23834,22091494650,11738767,0,2547,61,148,20,972282.0,926890.0,-4.6686
2025-04-20T00:00:00,1404/01/31,CD1SIB0001,915780.0,915780.0,880550.0,880550.0,49061,43259864020,11738767,0,2558,61,149,7,926890.0,881757.0,-4.8693
2025-04-21T00:00:00,1404/02/01,CD1SIB0001,917020.0,925840.0,838000.0,915800.0,235789,215155297130,11738806,39,2570,61,147,38,881757.0,912491.0,3.4855
2025-04-22T00:00:00,1404/02/02,CD1SIB0001,914000.0,914000.0,875000.0,881000.0,31125,27752622230,11740155,1349,2584,61,124,28,912491.0,891651.0,-2.2839
2025-04-23T00:00:00,1404/02/03,CD1SIB0001,889000.0,894420.0,869980.0,885000.0,58803,52034178420,11746556,6401,2581,61,88,28,891651.0,884890.0,-0.7583
2025-04-24T00:00:00,1404/02/04,CD1SIB0001,0,0,0,0,0,0,11746556,0,2581,61,0,0,884890.0,884890.0,0
2025-04-26T00:00:00,1404/02/06,CD1SIB0001,870000.0,906860.0,870000.0,897000.0,53067,47144000170,11781335,34779,2587,61,100,32,884890.0,888386.0,0.3951
2025-04-27T00:00:00,1404/02/07,CD1SIB0001,932800.0,932800.0,900000.0,916990.0,63216,58006018470,11817758,36423,2587,61,84,42,888386.0,917584.0,3.2866
2025-04-28T00:00:00,1404/02/08,CD1SIB0001,914990.0,914990.0,879610.0,886500.0,31597,28211488050,11841817,24059,2590,61,126,23,917584.0,892853.0,-2.6952
2025-04-29T00:00:00,1404/02/09,CD1SIB0001,899550.0,930000.0,898660.0,917000.0,27770,25174852270,11841817,0,2588,61,47,31,892853.0,906549.0,1.534
2025-04-30T00:00:00,1404/02/10,CD1SIB0001,920000.0,929000.0,896100.0,910000.0,92259,83324567110,11912738,70921,2600,61,83,20,906549.0,903159.0,-0.3739
2025-05-01T00:00:00,1404/02/11,CD1SIB0001,920000.0,920000.0,895000.0,908000.0,8686,7812451520,11912738,0,2601,61,32,8,903159.0,899430.0,-0.4129
2025-05-03T00:00:00,1404/02/13,CD1SIB0001,944390.0,944390.0,928600.0,940990.0,56181,52560082440,11912738,0,2601,61,70,33,899430.0,935549.0,4.0158
2025-05-04T00:00:00,1404/02/14,CD1SIB0001,949990.0,950000.0,933030.0,943970.0,22317,21023703250,11930521,17783,2605,61,72,28,935549.0,942049.0,0.6948
2025-05-05T00:00:00,1404/02/15,CD1SIB0001,936000.0,959990.0,901000.0,920000.0,26040,24272193540,11935648,5127,2614,61,88,32,942049.0,932112.0,-1.0548
2025-05-06T00:00:00,1404/02/16,CD1SIB0001,954000.0,954000.0,900000.0,902110.0,26969,24636138060,11951629,15981,2632,61,96,20,932112.0,913498.0,-1.997
2025-05-07T00:00:00,1404/02/17,CD1SIB0001,909000.0,909000.0,870000.0,870000.0,197414,174836271300,12115721,164092,2642,62,139,21,913498.0,885633.0,-3.0504
2025-05-08T00:00:00,1404/02/18,CD1SIB0001,900000.0,900000.0,877000.0,887910.0,18775,16558288540,12127551,11830,2648,62,37,9,885633.0,881933.0,-0.4178
2025-05-10T00:00:00,1404/02/20,CD1SIB0001,903000.0,903000.0,865010.0,880000.0,91390,80457034450,12185259,57708,2652,62,112,19,881933.0,880370.0,-0.1772
2025-05-11T00:00:00,1404/02/21,CD1SIB0001,906000.0,909990.0,865500.0,870000.0,22743,20418831330,12199376,14117,2659,62,98,24,880370.0,897807.0,1.9806
2025-05-12T00:00:00,1404/02/22,CD1SIB0001,875000.0,882850.0,865000.0,880000.0,26851,23592922940,12209160,9784,2659,63,66,28,897807.0,878661.0,-2.1325
2025-05-13T00:00:00,1404/02/23,CD1SIB0001,899950.0,899950.0,877000.0,880000.0,27619,24301977350,12230798,21638,2665,63,63,11,878661.0,879901.0,0.1411
2025-05-14T00:00:00,1404/02/24,CD1SIB0001,880000.0,889970.0,880000.0,887940.0,21374,18927092230,12249363,18565,2664,63,65,16,879901.0,885519.0,0.6385
2025-05-15T00:00:00,1404/02/25,CD1SIB0001,853130.0,856800.0,848010.0,850000.0,13284,11305559210,12259044,9681,2665,63,52,12,885519.0,851066.0,-3.8907
2025-05-17T00:00:00,1404/02/27,CD1SIB0001,869980.0,869980.0,848010.0,858990.0,9449,8081819980,12260755,1711,2663,63,80,27,851066.0,855310.0,0.4987
2025-05-18T00:00:00,1404/02/28,CD1SIB0001,863000.0,864900.0,828100.0,830000.0,15034,12695541940,12270585,9830,2665,63,105,25,855310.0,844455.0,-1.2691
2025-05-19T00:00:00,1404/02/29,CD1SIB0001,843000.0,859990.0,830000.0,830000.0,22094,18635990350,12286094,15509,2671,63,99,18,844455.0,843486.0,-0.1147
2025-05-20T00:00:00,1404/02/30,CD1SIB0001,848000.0,884000.0,848000.0,880000.0,19995,17462052910,12288594,2500,2676,63,66,32,843486.0,873321.0,3.5371
2025-05-21T00:00:00,1404/02/31,CD1SIB0001,881810.0,914000.0,880000.0,880000.0,26984,24305292010,12305202,16608,2677,63,58,31,873321.0,900730.0,3.1385
2025-05-22T00:00:00,1404/03/01,CD1SIB0001,889000.0,893970.0,887000.0,887500.0,6549,5815170560,12305202,0,2675,63,15,5,900730.0,887948.0,-1.4191
2025-05-24T00:00:00,1404/03/03,CD1SIB0001,902000.0,902000.0,871500.0,880000.0,25278,22504051230,12326748,21546,2689,63,98,16,887948.0,890262.0,0.2606
2025-05-25T00:00:00,1404/03/04,CD1SIB0001,881000.0,887000.0,856000.0,860000.0,91479,78899403900,12414842,88094,2700,63,96,16,890262.0,862487.0,-3.1199
2025-05-26T00:00:00,1404/03/05,CD1SIB0001,863000.0,863000.0,850000.0,860000.0,19676,16875018000,12429253,14411,2700,63,54,14,862487.0,857645.0,-0.5614
2025-05-27T00:00:00,1404/03/06,CD1SIB0001,860000.0,868990.0,840000.0,844990.0,151318,127389837910,12572926,143673,2707,63,111,19,857645.0,841868.0,-1.8396
2025-05-28T00:00:00,1404/03/07,CD1SIB0001,869960.0,869960.0,845000.0,854380.0,109359,92618889100,12674640,101714,2713,63,67,17,841868.0,846925.0,0.6007
2025-05-29T00:00:00,1404/03/08,CD1SIB0001,855540.0,855540.0,836670.0,844980.0,5368,4519886770,12675707,1067,2707,63,34,15,846925.0,842006.0,-0.5808
2025-05-31T00:00:00,1404/03/10,CD1SIB0001,838000.0,848000.0,828010.0,837590.0,152674,126691185060,12824482,148775,2712,63,91,19,842006.0,829815.0,-1.4479
2025-06-01T00:00:00,1404/03/11,CD1SIB0001,821900.0,834470.0,815000.0,825000.0,79738,65245918370,12884636,60154,2712,63,105,22,829815.0,818254.0,-1.3932
2025-06-02T00:00:00,1404/03/12,CD1SIB0001,824000.0,852000.0,824000.0,852000.0,67760,56261540850,12893436,8800,2713,63,74,25,818254.0,830306.0,1.4729
2025-06-03T00:00:00,1404/03/13,CD1SIB0001,862000.0,871820.0,860000.0,871550.0,28829,25082051510,12900447,7011,2711,63,66,34,830306.0,870028.0,4.784
2025-06-04T00:00:00,1404/03/14,CD1SIB0001,0,0,0,0,0,0,12900447,0,2711,63,0,0,870028.0,870028.0,0
2025-06-05T00:00:00,1404/03/15,CD1SIB0001,0,0,0,0,0,0,12900447,0,2711,63,0,0,870028.0,870028.0,0
2025-06-07T00:00:00,1404/03/17,CD1SIB0001,913520.0,913520.0,895100.0,904000.0,29801,26997246520,12909518,9071,2715,64,92,42,870028.0,905917.0,4.125
2025-06-08T00:00:00,1404/03/18,CD1SIB0001,913000.0,913000.0,897000.0,903950.0,39986,36014229970,12931143,21625,2724,64,78,20,905917.0,900671.0,-0.5791
2025-06-09T00:00:00,1404/03/19,CD1SIB0001,906000.0,920000.0,898510.0,911850.0,112306,101873705640,13016910,85767,2735,64,94,16,900671.0,907108.0,0.7147
2025-06-10T00:00:00,1404/03/20,CD1SIB0001,910000.0,919800.0,895000.0,908410.0,74469,67036513280,13085165,68255,2742,64,90,17,907108.0,900194.0,-0.7622
2025-06-11T00:00:00,1404/03/21,CD1SIB0001,915000.0,915000.0,893000.0,905000.0,84387,76151489120,13160757,75592,2748,64,78,30,900194.0,902408.0,0.2459
2025-06-12T00:00:00,1404/03/22,CD1SIB0001,913000.0,947480.0,899010.0,931000.0,24315,22438742140,13180433,19676,2746,64,34,21,902408.0,922835.0,2.2636
2025-06-14T00:00:00,1404/03/24,CD1SIB0001,0,0,0,0,0,0,13180433,0,2746,64,0,0,922835.0,922835.0,0
2025-06-15T00:00:00,1404/03/25,CD1SIB0001,0,0,0,0,0,0,13180433,0,2746,64,0,0,922835.0,922835.0,0
2025-06-16T00:00:00,1404/03/26,CD1SIB0001,0,0,0,0,0,0,13180433,0,2746,64,0,0,922835.0,922835.0,0
2025-06-17T00:00:00,1404/03/27,CD1SIB0001,0,0,0,0,0,0,13180433,0,2746,64,0,0,922835.0,922835.0,0
2025-06-18T00:00:00,1404/03/28,CD1SIB0001,0,0,0,0,0,0,13180433,0,2746,64,0,0,922835.0,922835.0,0
2025-06-19T00:00:00,1404/03/29,CD1SIB0001,0,0,0,0,0,0,13180433,0,2746,64,0,0,922835.0,922835.0,0
2025-06-21T00:00:00,1404/03/31,CD1SIB0001,0,0,0,0,0,0,13180433,0,2746,64,0,0,922835.0,922835.0,0
2025-06-22T00:00:00,1404/04/01,CD1SIB0001,0,0,0,0,0,0,13180433,0,2746,64,0,0,922835.0,922835.0,0
2025-06-23T00:00:00,1404/04/02,CD1SIB0001,0,0,0,0,0,0,13180433,0,2746,64,0,0,922835.0,922835.0,0
2025-06-24T00:00:00,1404/04/03,CD1SIB0001,0,0,0,0,0,0,13180433,0,2746,64,0,0,922835.0,922835.0,0
2025-06-25T00:00:00,1404/04/04,CD1SIB0001,0,0,0,0,0,0,13180433,0,2746,64,0,0,922835.0,922835.0,0
2025-06-26T00:00:00,1404/04/05,CD1SIB0001,0,0,0,0,0,0,13180433,0,2746,64,0,0,922835.0,922835.0,0
2025-06-28T00:00:00,1404/04/07,CD1SIB0001,958910.0,958910.0,931700.0,938950.0,31060,29183324150,13180303,-130,2725,64,73,52,922835.0,939579.0,1.8144
2025-06-29T00:00:00,1404/04/08,CD1SIB0001,935010.0,968000.0,935010.0,961980.0,31831,30343809590,13190185,9882,2714,64,69,45,939579.0,953279.0,1.4581
2025-06-30T00:00:00,1404/04/09,CD1SIB0001,966050.0,1000000.0,955000.0,955000.0,129071,126098593240,13297347,107162,2719,64,105,33,953279.0,976971.0,2.4853
2025-07-01T00:00:00,1404/04/10,CD1SIB0001,988020.0,1010000.0,980000.0,980000.0,88355,87579766930,13360225,62878,2705,63,57,48,976971.0,991226.0,1.4591
2025-07-02T00:00:00,1404/04/11,CD1SIB0001,979320.0,994990.0,960000.0,970700.0,257649,249199588730,13591207,230982,2700,63,79,37,991226.0,967206.0,-2.4233
2025-07-03T00:00:00,1404/04/12,CD1SIB0001,0,0,0,0,0,0,13591207,0,2700,63,0,0,967206.0,967206.0,0
2025-07-05T00:00:00,1404/04/14,CD1SIB0001,0,0,0,0,0,0,13591207,0,2700,63,0,0,967206.0,967206.0,0
2025-07-06T00:00:00,1404/04/15,CD1SIB0001,0,0,0,0,0,0,13591207,0,2700,63,0,0,967206.0,967206.0,0
2025-07-07T00:00:00,1404/04/16,CD1SIB0001,977990.0,979980.0,961000.0,972000.0,144442,140301837140,13592471,1264,2691,63,65,41,967206.0,971337.0,0.4271
2025-07-08T00:00:00,1404/04/17,CD1SIB0001,970000.0,990000.0,962000.0,979840.0,251895,246389841810,13657313,64842,2694,63,64,31,971337.0,978145.0,0.7009
2025-07-09T00:00:00,1404/04/18,CD1SIB0001,980000.0,988990.0,968000.0,988990.0,291107,283797541740,13919511,262198,2702,63,67,27,978145.0,974891.0,-0.3327
2025-07-10T00:00:00,1404/04/19,CD1SIB0001,0,0,0,0,0,0,13919511,0,2702,63,0,0,974891.0,974891.0,0
2025-07-12T00:00:00,1404/04/21,CD1SIB0001,988000.0,1016760.0,988000.0,1004020.0,104404,104796345830,13993746,74235,2701,63,84,48,974891.0,1003758.0,2.961
2025-07-13T00:00:00,1404/04/22,CD1SIB0001,1029000.0,1039060.0,1006000.0,1030010.0,176772,181281040380,14096014,102268,2711,63,99,29,1003758.0,1025508.0,2.1669
2025-07-14T00:00:00,1404/04/23,CD1SIB0001,1030110.0,1074980.0,1030110.0,1050000.0,124740,132976865980,14108028,12014,2703,63,93,46,1025508.0,1066032.0,3.9516
2025-07-15T00:00:00,1404/04/24,CD1SIB0001,1071200.0,1071200.0,1040000.0,1050000.0,140482,146916255880,14125123,17095,2709,63,83,38,1066032.0,1045801.0,-1.8978
2025-07-16T00:00:00,1404/04/25,CD1SIB0001,1032200.0,1040000.0,1017060.0,1020000.0,187231,191526229000,14281586,156463,2717,63,91,20,1045801.0,1022941.0,-2.1859
2025-07-17T00:00:00,1404/04/26,CD1SIB0001,0,0,0,0,0,0,14281586,0,2717,63,0,0,1022941.0,1022941.0,0
2025-07-19T00:00:00,1404/04/28,CD1SIB0001,1019820.0,1034960.0,1002880.0,1016900.0,33137,33531089350,14305056,23470,2721,63,80,25,1022941.0,1011893.0,-1.08
2025-07-20T00:00:00,1404/04/29,CD1SIB0001,1019990.0,1019990.0,995120.0,995130.0,309008,309313191000,14358641,53585,2723,64,94,27,1011893.0,1000988.0,-1.0777
2025-07-21T00:00:00,1404/04/30,CD1SIB0001,1019940.0,1033200.0,1010010.0,1030050.0,137116,140135325600,14475328,116687,2714,65,69,39,1000988.0,1022020.0,2.1011
2025-07-22T00:00:00,1404/04/31,CD1SIB0001,1053120.0,1071990.0,1046110.0,1051960.0,173044,181798852480,14615717,140389,2709,65,85,45,1022020.0,1050593.0,2.7957
2025-07-23T00:00:00,1404/05/01,CD1SIB0001,1079990.0,1079990.0,1047720.0,1051950.0,46661,49427445360,14643793,28076,2720,65,86,18,1050593.0,1059288.0,0.8276
2025-07-24T00:00:00,1404/05/02,CD1SIB0001,0,0,0,0,0,0,14643793,0,2720,65,0,0,1059288.0,1059288.0,0
2025-07-26T00:00:00,1404/05/04,CD1SIB0001,1040000.0,1050000.0,1028600.0,1038600.0,290593,299456175340,14859201,215408,2718,64,96,34,1059288.0,1030500.0,-2.7177
2025-07-27T00:00:00,1404/05/05,CD1SIB0001,1030610.0,1040000.0,1024060.0,1033970.0,24994,25847588310,14880148,20947,2722,65,103,24,1030500.0,1034152.0,0.3544
2025-07-28T00:00:00,1404/05/06,CD1SIB0001,1064900.0,1064900.0,1048000.0,1050000.0,351971,370989572740,15209689,329541,2718,66,97,44,1034152.0,1054034.0,1.9225
2025-07-29T00:00:00,1404/05/07,CD1SIB0001,1052000.0,1089960.0,1052000.0,1071990.0,208101,220557655070,15396637,186948,2716,66,62,42,1054034.0,1059859.0,0.5526
2025-07-30T00:00:00,1404/05/08,CD1SIB0001,1079980.0,1080000.0,1060010.0,1074830.0,140065,150605459210,15497670,101033,2725,66,83,35,1059859.0,1075254.0,1.4526
2025-07-31T00:00:00,1404/05/09,CD1SIB0001,0,0,0,0,0,0,15497670,0,2725,66,0,0,1075254.0,1075254.0,0
2025-08-02T00:00:00,1404/05/11,CD1SIB0001,1077000.0,1099780.0,1075000.0,1085000.0,110261,120099876710,15559594,61924,2725,66,104,39,1075254.0,1089233.0,1.3001
2025-08-03T00:00:00,1404/05/12,CD1SIB0001,1092050.0,1104070.0,1090000.0,1090000.0,160470,176398514970,15670100,110506,2728,66,105,44,1089233.0,1099262.0,0.9207
2025-08-04T00:00:00,1404/05/13,CD1SIB0001,1090030.0,1113940.0,1090000.0,1110000.0,180109,198593210580,15815506,145406,2733,66,80,43,1099262.0,1102628.0,0.3062
2025-08-05T00:00:00,1404/05/14,CD1SIB0001,1129450.0,1143960.0,1102500.0,1118580.0,49767,55924149490,15839323,23817,2734,66,94,52,1102628.0,1123720.0,1.9129
2025-08-06T00:00:00,1404/05/15,CD1SIB0001,1118500.0,1120000.0,1109010.0,1109110.0,130020,144473357190,15956263,116940,2735,66,71,28,1123720.0,1111163.0,-1.1174
2025-08-07T00:00:00,1404/05/16,CD1SIB0001,0,0,0,0,0,0,15956263,0,2735,66,0,0,1111163.0,1111163.0,0
2025-08-09T00:00:00,1404/05/18,CD1SIB0001,1108500.0,1108510.0,1096900.0,1098900.0,24748,27207560170,15961838,5575,2777,66,138,33,1111163.0,1099384.0,-1.0601
2025-08-10T00:00:00,1404/05/19,CD1SIB0001,1099000.0,1100000.0,1083700.0,1093930.0,46722,51045057240,15979741,17903,2835,66,177,27,1099384.0,1092527.0,-0.6237
2025-08-11T00:00:00,1404/05/20,CD1SIB0001,1120180.0,1125120.0,1100000.0,1109990.0,102227,113685143700,16060437,80696,2883,66,138,22,1092527.0,1112085.0,1.7902
2025-08-12T00:00:00,1404/05/21,CD1SIB0001,1116410.0,1116410.0,1091120.0,1099100.0,169841,185894630690,16227536,167099,2917,66,99,17,1112085.0,1094522.0,-1.5793
2025-08-13T00:00:00,1404/05/22,CD1SIB0001,1105000.0,1124990.0,1100000.0,1124800.0,191821,213859970690,16306960,79424,2949,67,118,27,1094522.0,1114893.0,1.8612
2025-08-14T00:00:00,1404/05/23,CD1SIB0001,0,0,0,0,0,0,16306960,0,2949,67,0,0,1114893.0,1114893.0,0
2025-08-16T00:00:00,1404/05/25,CD1SIB0001,1120000.0,1120000.0,1086400.0,1090070.0,55140,60374691940,16350854,43894,2966,67,133,26,1114893.0,1094935.0,-1.7901
2025-08-17T00:00:00,1404/05/26,CD1SIB0001,1090010.0,1139490.0,1090010.0,1111990.0,85195,94870737080,16425152,74298,2977,67,85,35,1094935.0,1113572.0,1.7021
2025-08-18T00:00:00,1404/05/27,CD1SIB0001,1129990.0,1129990.0,1115000.0,1115000.0,112015,125502776440,16531579,106427,2998,67,108,18,1113572.0,1120410.0,0.6141
2025-08-19T00:00:00,1404/05/28,CD1SIB0001,1139990.0,1139990.0,1100000.0,1110000.0,48236,53537860380,16575333,43754,3019,67,113,18,1120410.0,1109915.0,-0.9367
2025-08-20T00:00:00,1404/05/29,CD1SIB0001,1124450.0,1124500.0,1082000.0,1120000.0,113923,124851647920,16651946,76613,3034,67,122,22,1109915.0,1095930.0,-1.26
2025-08-21T00:00:00,1404/05/30,CD1SIB0001,0,0,0,0,0,0,16651946,0,3034,67,0,0,1095930.0,1095930.0,0
2025-08-23T00:00:00,1404/06/01,CD1SIB0001,1120000.0,1143720.0,1116000.0,1137000.0,291092,326878891470,16920864,268918,3024,67,73,46,1095930.0,1122940.0,2.4646
2025-08-24T00:00:00,1404/06/02,CD1SIB0001,0,0,0,0,0,0,16920864,0,3024,67,0,0,1122940.0,1122940.0,0
2025-08-25T00:00:00,1404/06/03,CD1SIB0001,1164500.0,1174970.0,1144410.0,1168000.0,108213,126427725930,16921694,830,3037,67,109,39,1122940.0,1168323.0,4.0414
2025-08-26T00:00:00,1404/06/04,CD1SIB0001,1189000.0,1199920.0,1155570.0,1165000.0,107625,125871443920,16932004,10310,3067,66,144,37,1168323.0,1169537.0,0.1039
2025-08-27T00:00:00,1404/06/05,CD1SIB0001,1222000.0,1222000.0,1181080.0,1188990.0,112649,133923982530,17029131,97127,3096,66,178,35,1169537.0,1188861.0,1.6523
2025-08-28T00:00:00,1404/06/06,CD1SIB0001,0,0,0,0,0,0,17029131,0,3096,66,0,0,1188861.0,1188861.0,0
2025-08-30T00:00:00,1404/06/08,CD1SIB0001,1248300.0,1248300.0,1248300.0,1248300.0,251195,313566718500,17082745,53614,3072,66,12,52,1188861.0,1248300.0,4.9997
2025-08-31T00:00:00,1404/06/09,CD1SIB0001,1310710.0,1310710.0,1260000.0,1290000.0,197843,257389657500,17198877,116132,3093,66,173,75,1248300.0,1300979.0,4.2201
2025-09-01T00:00:00,1404/06/10,CD1SIB0001,0,0,0,0,0,0,17198877,0,3093,66,0,0,1300979.0,1300979.0,0
2025-09-02T00:00:00,1404/06/11,CD1SIB0001,1329680.0,1354000.0,1303010.0,1321000.0,229828,302740474280,17275601,76724,3094,66,127,80,1300979.0,1317248.0,1.2505
2025-09-03T00:00:00,1404/06/12,CD1SIB0001,1329900.0,1349000.0,1303000.0,1348990.0,151735,199674826750,17387921,112320,3110,66,121,39,1317248.0,1315944.0,-0.099
2025-09-04T00:00:00,1404/06/13,CD1SIB0001,0,0,0,0,0,0,17387921,0,3110,66,0,0,1315944.0,1315944.0,0
2025-09-06T00:00:00,1404/06/15,CD1SIB0001,1314510.0,1360000.0,1314510.0,1354880.0,222552,297587241300,17538673,150752,3121,66,137,41,1315944.0,1337158.0,1.6121
2025-09-07T00:00:00,1404/06/16,CD1SIB0001,1350000.0,1399970.0,1345000.0,1398500.0,198396,271716162850,17570033,31360,3134,66,135,52,1337158.0,1369565.0,2.4236
2025-09-08T00:00:00,1404/06/17,CD1SIB0001,1430000.0,1434970.0,1376500.0,1395000.0,215254,299812761490,17575419,5386,3156,66,137,53,1369565.0,1392832.0,1.6989
2025-09-09T00:00:00,1404/06/18,CD1SIB0001,1409890.0,1409890.0,1376000.0,1390000.0,215666,298760171520,17627804,52385,3179,66,138,38,1392832.0,1385291.0,-0.5414
2025-09-10T00:00:00,1404/06/19,CD1SIB0001,0,0,0,0,0,0,17627804,0,3179,66,0,0,1385291.0,1385291.0,0
2025-09-11T00:00:00,1404/06/20,CD1SIB0001,0,0,0,0,0,0,17627804,0,3179,66,0,0,1385291.0,1385291.0,0
2025-09-13T00:00:00,1404/06/22,CD1SIB0001,1400000.0,1400100.0,1339020.0,1340000.0,133467,179481161000,17740686,112882,3195,66,177,35,1385291.0,1344761.0,-2.9257
2025-09-14T00:00:00,1404/06/23,CD1SIB0001,1352780.0,1392000.0,1350010.0,1389520.0,114739,158643147270,17828036,87350,3200,67,114,39,1344761.0,1382644.0,2.8171
2025-09-15T00:00:00,1404/06/24,CD1SIB0001,1420000.0,1450000.0,1403900.0,1440000.0,142200,204814822350,17841715,13679,3206,66,131,48,1382644.0,1440329.0,4.1721
2025-09-16T00:00:00,1404/06/25,CD1SIB0001,1499020.0,1499990.0,1440000.0,1443000.0,150664,222536183090,17858965,17250,3241,67,199,50,1440329.0,1477036.0,2.5485
2025-09-17T00:00:00,1404/06/26,CD1SIB0001,1460000.0,1460000.0,1427600.0,1446480.0,271754,388917362250,18087046,228081,3268,67,171,29,1477036.0,1431138.0,-3.1074
2025-09-18T00:00:00,1404/06/27,CD1SIB0001,0,0,0,0,0,0,18087046,0,3268,67,0,0,1431138.0,1431138.0,0
2025-09-20T00:00:00,1404/06/29,CD1SIB0001,1502690.0,1502690.0,1498000.0,1502100.0,341157,512650990420,18241404,154358,3327,67,252,49,1431138.0,1502683.0,4.9992
2025-09-21T00:00:00,1404/06/30,CD1SIB0001,1577790.0,1577810.0,1570000.0,1577810.0,666464,1050820254260,18341551,100147,3421,67,347,68,1502683.0,1576710.0,4.9263
2025-09-22T00:00:00,1404/06/31,CD1SIB0001,1620000.0,1625530.0,1557700.0,1588000.0,273631,432875732540,18356049,14498,3490,66,291,55,1576710.0,1581969.0,0.3335
2025-09-23T00:00:00,1404/07/01,CD1SIB0001,1618970.0,1639880.0,1578000.0,1622000.0,222761,361686594020,18514041,157992,3611,67,406,48,1581969.0,1623653.0,2.6349
2025-09-24T00:00:00,1404/07/02,CD1SIB0001,1704830.0,1704830.0,1704830.0,1704830.0,113003,192650904490,18542590,28549,3598,67,29,51,1623653.0,1704830.0,4.9997
2025-09-25T00:00:00,1404/07/03,CD1SIB0001,0,0,0,0,0,0,18542590,0,3598,67,0,0,1704830.0,1704830.0,0
2025-09-27T00:00:00,1404/07/05,CD1SIB0001,1790070.0,1790070.0,1790070.0,1790070.0,38753,69370582710,18542611,21,3592,67,32,40,1704830.0,1790070.0,4.9999
2025-09-28T00:00:00,1404/07/06,CD1SIB0001,1879570.0,1879570.0,1795000.0,1816810.0,647243,1205117920640,18598359,55748,3795,68,863,154,1790070.0,1861925.0,4.0141
2025-09-29T00:00:00,1404/07/07,CD1SIB0001,1870000.0,1955020.0,1860000.0,1955020.0,383958,748121867310,18670109,71750,3898,68,389,103,1861925.0,1948447.0,4.6469
2025-09-30T00:00:00,1404/07/08,CD1SIB0001,2045540.0,2045540.0,1895000.0,1963000.0,361618,706113609250,18782203,112094,3962,69,444,373,1948447.0,1952651.0,0.2158
2025-10-01T00:00:00,1404/07/09,CD1SIB0001,2017500.0,2050280.0,1990000.0,2047080.0,392036,801604186260,18834083,51880,4051,71,395,205,1952651.0,2044721.0,4.7151
2025-10-02T00:00:00,1404/07/10,CD1SIB0001,0,0,0,0,0,0,18834083,0,4051,71,0,0,2044721.0,2044721.0,0
2025-10-04T00:00:00,1404/07/12,CD1SIB0001,2099950.0,2099950.0,1960000.0,1997700.0,433900,866476739740,18897148,63065,4119,71,367,194,2044721.0,1996950.0,-2.3363
2025-10-05T00:00:00,1404/07/13,CD1SIB0001,1990050.0,2019980.0,1990050.0,1996910.0,122496,245652479500,18914718,17570,4189,71,290,74,1996950.0,2005392.0,0.4227
2025-10-06T00:00:00,1404/07/14,CD1SIB0001,2050000.0,2050000.0,1955130.0,1959990.0,400236,794281763870,18974118,59400,4266,71,374,57,2005392.0,1984534.0,-1.0401
2025-10-07T00:00:00,1404/07/15,CD1SIB0001,1998000.0,2005990.0,1970010.0,1997100.0,301192,599755881920,19074981,100863,4345,71,321,55,1984534.0,1991274.0,0.3396
2025-10-08T00:00:00,1404/07/16,CD1SIB0001,2050050.0,2090830.0,2045050.0,2046000.0,440932,915500667130,19195506,120525,4449,71,393,83,1991274.0,2076285.0,4.2692
2025-10-09T00:00:00,1404/07/17,CD1SIB0001,0,0,0,0,0,0,19195506,0,4449,71,0,0,2076285.0,2076285.0,0
2025-10-11T00:00:00,1404/07/19,CD1SIB0001,2025100.0,2079980.0,1972480.0,1972480.0,329022,658459706380,19298569,103063,4530,71,510,133,2076285.0,2001263.0,-3.6133
2025-10-12T00:00:00,1404/07/20,CD1SIB0001,1965000.0,1965000.0,1901200.0,1948110.0,370595,711539407260,19448939,150370,4584,72,422,110,2001263.0,1919992.0,-4.061
2025-10-13T00:00:00,1404/07/21,CD1SIB0001,2010000.0,2015000.0,1990000.0,2009740.0,257836,517205702480,19449082,143,4652,72,392,94,1919992.0,2005948.0,4.4769
2025-10-14T00:00:00,1404/07/22,CD1SIB0001,2030000.0,2030000.0,1995800.0,1999920.0,327125,655903409770,19480076,30994,4758,74,439,80,2005948.0,2005054.0,-0.0446
2025-10-15T00:00:00,1404/07/23,CD1SIB0001,2020000.0,2105300.0,2020000.0,2080000.0,192385,398927993810,19520427,40351,4834,74,332,110,2005054.0,2073592.0,3.4183
2025-10-16T00:00:00,1404/07/24,CD1SIB0001,0,0,0,0,0,0,19520427,0,4834,74,0,0,2073592.0,2073592.0,0
2025-10-18T00:00:00,1404/07/26,CD1SIB0001,2023500.0,2023510.0,1995000.0,2016890.0,213645,427726387340,19667825,147398,4903,74,401,104,2073592.0,2002043.0,-3.4505
2025-10-19T00:00:00,1404/07/27,CD1SIB0001,2030000.0,2094970.0,2030000.0,2076100.0,448361,925833865510,19737889,70064,4991,74,360,91,2002043.0,2064930.0,3.1411
2025-10-20T00:00:00,1404/07/28,CD1SIB0001,2070000.0,2070000.0,2016000.0,2042770.0,177590,362486083920,19813242,75353,5071,74,372,79,2064930.0,2041140.0,-1.1521
2025-10-21T00:00:00,1404/07/29,CD1SIB0001,1999990.0,2015000.0,1971000.0,1971040.0,210358,419461121850,19884044,70802,5137,74,470,124,2041140.0,1994035.0,-2.3078
2025-10-22T00:00:00,1404/07/30,CD1SIB0001,1971000.0,1971000.0,1912010.0,1942100.0,594074,1146208782690,19903929,19885,5192,74,416,98,1994035.0,1929404.0,-3.2412
2025-10-23T00:00:00,1404/08/01,CD1SIB0001,0,0,0,0,0,0,19903929,0,5192,74,0,0,1929404.0,1929404.0,0
2025-10-25T00:00:00,1404/08/03,CD1SIB0001,1900100.0,1964000.0,1898300.0,1936700.0,252617,486293604750,20092268,188339,5263,74,414,67,1929404.0,1925023.0,-0.2271
2025-10-26T00:00:00,1404/08/04,CD1SIB0001,2017600.0,2017600.0,1925960.0,1930000.0,199512,393509101090,20205462,113194,5356,75,440,74,1925023.0,1972358.0,2.4589
2025-10-27T00:00:00,1404/08/05,CD1SIB0001,1955000.0,1960000.0,1878200.0,1899990.0,195019,369878491630,20305221,99759,5398,75,479,116,1972358.0,1896628.0,-3.8396
2025-10-28T00:00:00,1404/08/06,CD1SIB0001,1865000.0,1865000.0,1810000.0,1821000.0,494136,898169678720,20385742,80521,5439,75,448,86,1896628.0,1817657.0,-4.1638
2025-10-29T00:00:00,1404/08/07,CD1SIB0001,1900000.0,1920000.0,1860140.0,1895300.0,249265,470435651890,20485948,100206,5505,75,381,83,1817657.0,1887291.0,3.831
2025-10-30T00:00:00,1404/08/08,CD1SIB0001,0,0,0,0,0,0,20485948,0,5505,75,0,0,1887291.0,1887291.0,0
2025-11-01T00:00:00,1404/08/10,CD1SIB0001,1989770.0,1989770.0,1900800.0,1942990.0,163707,316401216040,20614003,128055,5548,75,298,54,1887291.0,1932729.0,2.4076
2025-11-02T00:00:00,1404/08/11,CD1SIB0001,1937520.0,1978700.0,1800000.0,1910000.0,248279,470063810900,20647492,33489,5660,75,498,60,1932729.0,1893289.0,-2.0406
2025-11-03T00:00:00,1404/08/12,CD1SIB0001,1939880.0,1939880.0,1876560.0,1880000.0,133538,252705352730,20742224,94732,5731,75,372,47,1893289.0,1892385.0,-0.0477
2025-11-04T00:00:00,1404/08/13,CD1SIB0001,1900000.0,1908800.0,1870000.0,1882200.0,54852,103480706190,20773119,30895,5788,75,336,43,1892385.0,1886544.0,-0.3087
2025-11-05T00:00:00,1404/08/14,CD1SIB0001,1898960.0,1898960.0,1800000.0,1800000.0,160456,293573045610,20926301,153182,5869,75,473,41,1886544.0,1829617.0,-3.0175
2025-11-06T00:00:00,1404/08/15,CD1SIB0001,0,0,0,0,0,0,20926301,0,5869,75,0,0,1829617.0,1829617.0,0
2025-11-08T00:00:00,1404/08/17,CD1SIB0001,1849900.0,1849900.0,1784000.0,1838000.0,684949,1242191626540,21089401,163100,5926,75,395,71,1829617.0,1813553.0,-0.878
2025-11-09T00:00:00,1404/08/18,CD1SIB0001,1857200.0,1879930.0,1829000.0,1875800.0,235986,432540721170,21287846,198445,5976,75,294,59,1813553.0,1832908.0,1.0672
2025-11-10T00:00:00,1404/08/19,CD1SIB0001,1954430.0,1954430.0,1890010.0,1913000.0,182758,348003713650,21443094,155248,6035,75,296,74,1832908.0,1904178.0,3.8884
2025-11-11T00:00:00,1404/08/20,CD1SIB0001,1980000.0,1999300.0,1959100.0,1983000.0,195261,384526395820,21596447,153353,6054,75,320,101,1904178.0,1969294.0,3.4196
2025-11-12T00:00:00,1404/08/21,SilverBar,2069940.0,2069940.0,2009000.0,2019980.0,240426,486037155140,21795097,198650,6104,75,362,93,1969294.0,2021567.0,2.6544
2025-11-13T00:00:00,1404/08/22,SilverBar,0,0,0,0,0,0,21795097,0,6104,75,0,0,2021567.0,2021567.0,0
2025-11-15T00:00:00,1404/08/24,SilverBar,1990000.0,2018990.0,1955000.0,1960020.0,97922,193706910500,21847027,51930,6166,75,379,86,2021567.0,1978176.0,-2.1464
2025-11-16T00:00:00,1404/08/25,SilverBar,1996000.0,1996000.0,1949200.0,1951010.0,283350,556345576180,22046075,199048,6231,76,365,74,1978176.0,1963457.0,-0.7441
2025-11-17T00:00:00,1404/08/26,SilverBar,1984500.0,1984500.0,1957100.0,1969660.0,211567,415744526460,22226910,180835,6310,76,333,40,1963457.0,1965073.0,0.0823
2025-11-18T00:00:00,1404/08/27,SilverBar,1969990.0,1984500.0,1955080.0,1984500.0,213929,422138446030,22399409,172499,6359,76,304,75,1965073.0,1973264.0,0.4168
2025-11-19T00:00:00,1404/08/28,SilverBar,2009990.0,2060000.0,1990000.0,2039030.0,242937,490473690130,22608119,208710,6416,76,319,109,1973264.0,2018934.0,2.3144
2025-11-20T00:00:00,1404/08/29,SilverBar,0,0,0,0,0,0,22608119,0,6416,76,0,0,2018934.0,2018934.0,0
2025-11-22T00:00:00,1404/09/01,SilverBar,2000000.0,2019990.0,1969020.0,1993040.0,351241,701794578450,22895052,286933,6477,76,454,92,2018934.0,1998043.0,-1.0348
2025-11-23T00:00:00,1404/09/02,SilverBar,2030000.0,2033000.0,1978900.0,2029990.0,232474,463482882680,23047022,151970,6530,76,359,72,1998043.0,1993698.0,-0.2175
2025-11-24T00:00:00,1404/09/03,SilverBar,0,0,0,0,0,0,23047022,0,6530,76,0,0,1993698.0,1993698.0,0
2025-11-25T00:00:00,1404/09/04,SilverBar,2038000.0,2059980.0,2004000.0,2050000.0,282512,569879712070,23241802,194780,6653,77,594,118,1993698.0,2017188.0,1.1782
2025-11-26T00:00:00,1404/09/05,SilverBar,2059950.0,2063000.0,2037000.0,2042490.0,353181,722357631250,23529179,287377,6792,77,659,51,2017188.0,2045290.0,1.3931
2025-11-27T00:00:00,1404/09/06,SilverBar,0,0,0,0,0,0,23529179,0,6792,77,0,0,2045290.0,2045290.0,0
2025-11-29T00:00:00,1404/09/08,SilverBar,2200000.0,2228970.0,2163300.0,2180000.0,293331,640617614160,23656452,127273,6910,77,624,192,2045290.0,2183941.0,6.779
2025-11-30T00:00:00,1404/09/09,SilverBar,2249990.0,2250000.0,2191000.0,2208030.0,797855,1762605863500,24356576,700124,7102,77,934,130,2183941.0,2209181.0,1.1557
2025-12-01T00:00:00,1404/09/10,SilverBar,2298950.0,2339990.0,2253040.0,2312120.0,436103,1003336614830,24722338,365762,7306,77,847,150,2209181.0,2300687.0,4.1421
2025-12-02T00:00:00,1404/09/11,SilverBar,2270010.0,2432980.0,2270010.0,2399000.0,325886,751579300210,24872228,149890,7376,77,595,206,2300687.0,2306264.0,0.2424
2025-12-03T00:00:00,1404/09/12,SilverBar,2460100.0,2536800.0,2412890.0,2510010.0,682658,1685559571180,25403349,531121,7512,77,693,202,2306264.0,2469113.0,7.0612
2025-12-04T00:00:00,1404/09/13,SilverBar,0,0,0,0,0,0,25403349,0,7512,77,0,0,2469113.0,2469113.0,0
2025-12-06T00:00:00,1404/09/15,SilverBar,2670000.0,2670000.0,2511610.0,2638970.0,518860,1346687213280,25806262,402913,7728,77,951,183,2469113.0,2595473.0,5.1176
2025-12-07T00:00:00,1404/09/16,SilverBar,2669990.0,2669990.0,2540000.0,2636980.0,320078,830148487700,25977962,171700,7821,77,719,210,2595473.0,2593582.0,-0.0729
2025-12-08T00:00:00,1404/09/17,SilverBar,2650000.0,2650000.0,2556000.0,2563000.0,429497,1116661505300,26305541,327579,7937,77,758,165,2593582.0,2599929.0,0.2447
2025-12-09T00:00:00,1404/09/18,SilverBar,2595000.0,2595000.0,2377870.0,2398860.0,646479,1580563090000,26781601,476060,8051,77,834,174,2599929.0,2444879.0,-5.9636
2025-12-10T00:00:00,1404/09/19,SilverBar,2552310.0,2609360.0,2492000.0,2599950.0,397071,1009732127330,27054133,272532,8193,77,759,175,2444879.0,2542951.0,4.0113
2025-12-11T00:00:00,1404/09/20,SilverBar,0,0,0,0,0,0,27054133,0,8193,77,0,0,2542951.0,2542951.0,0
2025-12-13T00:00:00,1404/09/22,SilverBar,2750000.0,2750000.0,2666140.0,2669990.0,627743,1689417605700,27461280,407147,8362,77,990,202,2542951.0,2691257.0,5.832
2025-12-14T00:00:00,1404/09/23,SilverBar,2649990.0,2710000.0,2586600.0,2699900.0,439004,1148705904100,27812087,350807,8452,77,759,158,2691257.0,2616618.0,-2.7734
2025-12-15T00:00:00,1404/09/24,SilverBar,2800000.0,2810000.0,2700000.0,2719790.0,541452,1491719866140,28013426,201339,8596,77,962,321,2616618.0,2755036.0,5.29
2025-12-16T00:00:00,1404/09/25,SilverBar,2650010.0,2669820.0,2580000.0,2660000.0,351042,913607081930,28148283,134857,8718,77,862,171,2755036.0,2602558.0,-5.5345
2025-12-17T00:00:00,1404/09/26,SilverBar,2780000.0,2862810.0,2750000.0,2862810.0,526407,1467182966060,28501032,352749,8734,77,621,333,2602558.0,2787165.0,7.0933
2025-12-18T00:00:00,1404/09/27,SilverBar,0,0,0,0,0,0,28501032,0,8734,77,0,0,2787165.0,2787165.0,0
2025-12-20T00:00:00,1404/09/29,SilverBar,3045870.0,3065880.0,2956700.0,3065880.0,598552,1827390205110,28778297,277265,8708,78,352,361,2787165.0,3053018.0,9.5385
2025-12-21T00:00:00,1404/09/30,SilverBar,3249990.0,3358310.0,3000000.0,3300020.0,1772243,5796555631300,29156624,378327,8809,77,1193,713,3053018.0,3270745.0,7.1315
2025-12-22T00:00:00,1404/10/01,SilverBar,3490600.0,3597810.0,3460050.0,3597810.0,1438116,5111539397710,29327308,170684,8898,78,1183,1126,3270745.0,3554330.0,8.6703
2025-12-23T00:00:00,1404/10/02,SilverBar,3550000.0,3840000.0,3330000.0,3600000.0,1354517,4875098067850,29572459,245151,9184,78,1547,588,3554330.0,3599141.0,1.2607
2025-12-24T00:00:00,1404/10/03,SilverBar,3770000.0,3780000.0,3655000.0,3771150.0,825995,3073631778230,29883300,310841,9372,78,1286,491,3599141.0,3721126.0,3.3893
2025-12-25T00:00:00,1404/10/04,SilverBar,0,0,0,0,0,0,29883300,0,9372,78,0,0,3721126.0,3721126.0,0
2025-12-27T00:00:00,1404/10/06,SilverBar,4090000.0,4093230.0,3915060.0,4093230.0,1385352,5591590253590,30591384,708084,9807,78,1863,523,3721126.0,4036223.0,8.4678
2025-12-28T00:00:00,1404/10/07,SilverBar,4380000.0,4380000.0,3790000.0,4060000.0,727581,3024361312440,30736659,145275,10125,78,1846,942,4036223.0,4156735.0,2.9858
2025-12-29T00:00:00,1404/10/08,SilverBar,3783500.0,3990000.0,3741070.0,3770000.0,930008,3553325303330,30873748,137089,10124,78,1579,808,4156735.0,3820747.0,-8.083
2025-12-30T00:00:00,1404/10/09,SilverBar,3700000.0,4106880.0,3700000.0,4093990.0,3490890,13686566932840,32483349,1609601,10236,78,1049,562,3820747.0,3920653.0,2.6148
2025-12-31T00:00:00,1404/10/10,SilverBar,3909980.0,4109960.0,3909980.0,3970100.0,1536509,6135803455080,32958658,475309,10274,78,913,519,3920653.0,3993340.0,1.854
2026-01-01T00:00:00,1404/10/11,SilverBar,0,0,0,0,0,0,32958658,0,10274,78,0,0,3993340.0,3993340.0,0
2026-01-03T00:00:00,1404/10/13,SilverBar,0,0,0,0,0,0,32958658,0,10274,78,0,0,3993340.0,3993340.0,0
2026-01-04T00:00:00,1404/10/14,SilverBar,4090000.0,4149990.0,3910000.0,4095000.0,708828,2878405698340,33375546,416888,10546,78,1101,303,3993340.0,4060796.0,1.6892
2026-01-05T00:00:00,1404/10/15,SilverBar,4255000.0,4466870.0,4250000.0,4409990.0,663977,2900543961250,33665381,289835,10693,77,1062,538,4060796.0,4368440.0,7.576
2026-01-06T00:00:00,1404/10/16,SilverBar,4749930.0,4760000.0,4430000.0,4578030.0,682175,3151584759580,34007538,342157,10976,78,1491,434,4368440.0,4619907.0,5.7564
2026-01-07T00:00:00,1404/10/17,SilverBar,4540010.0,4590010.0,4410010.0,4510000.0,504127,2276390142680,34319623,312085,11045,78,1118,401,4619907.0,4515509.0,-2.2597
2026-01-08T00:00:00,1404/10/18,SilverBar,0,0,0,0,0,0,34319623,0,11045,78,0,0,4515509.0,4515509.0,0
2026-01-10T00:00:00,1404/10/20,SilverBar,4300000.0,4300000.0,4064000.0,4167000.0,270886,1130067294260,34365709,46086,10955,78,736,411,4515509.0,4171745.0,-7.613
2026-01-11T00:00:00,1404/10/21,SilverBar,4200010.0,4449000.0,4200010.0,4422770.0,341478,1492206712970,34632761,267052,11063,78,599,205,4171745.0,4369847.0,4.7487
2026-01-12T00:00:00,1404/10/22,SilverBar,4650020.0,4650020.0,4414000.0,4487990.0,711579,3273502232030,35213656,580895,11105,78,785,312,4369847.0,4600336.0,5.2745
2026-01-13T00:00:00,1404/10/23,SilverBar,4569970.0,4580000.0,4400540.0,4420000.0,474942,2129861835670,35615480,401824,11242,78,874,213,4600336.0,4484467.0,-2.5187
2026-01-14T00:00:00,1404/10/24,SilverBar,4485000.0,4540000.0,4340000.0,4528000.0,543445,2440096495940,35988559,373079,11302,79,809,277,4484467.0,4490052.0,0.1245
2026-01-15T00:00:00,1404/10/25,SilverBar,0,0,0,0,0,0,35988559,0,11302,79,0,0,4490052.0,4490052.0,0
2026-01-17T00:00:00,1404/10/27,SilverBar,0,0,0,0,0,0,35988559,0,11302,79,0,0,4490052.0,4490052.0,0
2026-01-18T00:00:00,1404/10/28,SilverBar,4500000.0,4500000.0,4359900.0,4395930.0,305154,1357565292090,36098982,110423,11472,79,1000,192,4490052.0,4448787.0,-0.919
2026-01-19T00:00:00,1404/10/29,SilverBar,4519230.0,4612000.0,4450000.0,4480040.0,1233114,5536727720130,36382121,283139,11643,79,906,226,4448787.0,4490037.0,0.9272
2026-01-20T00:00:00,1404/10/30,SilverBar,4575960.0,4595960.0,4485000.0,4521000.0,805219,3624682646210,37006737,624616,11797,79,1039,232,4490037.0,4501487.0,0.255
2026-01-21T00:00:00,1404/11/01,SilverBar,4591600.0,4816590.0,4573000.0,4680000.0,405901,1916507582440,37235884,229147,11952,79,1339,443,4501487.0,4721613.0,4.8901
2026-01-22T00:00:00,1404/11/02,SilverBar,0,0,0,0,0,0,37235884,0,11952,79,0,0,4721613.0,4721613.0,0
2026-01-24T00:00:00,1404/11/04,SilverBar,5052120.0,5052120.0,5052000.0,5052120.0,376170,1900455218160,37440225,204341,12011,79,929,337,4721613.0,5052118.0,6.9998
2026-01-25T00:00:00,1404/11/05,SilverBar,5405760.0,5405760.0,5360000.0,5405760.0,801758,4333936848280,38088921,648696,12298,79,1559,350,5052118.0,5405542.0,6.9956
2026-01-26T00:00:00,1404/11/06,SilverBar,5783920.0,5783920.0,5783920.0,5783920.0,316874,1832773866080,38277593,188672,12331,79,495,170,5405542.0,5783920.0,6.9998
2026-01-27T00:00:00,1404/11/07,SilverBar,6188790.0,6188790.0,6188790.0,6188790.0,288526,1785626823540,38466264,188671,12341,80,289,160,5783920.0,6188790.0,6.9999
2026-01-28T00:00:00,1404/11/08,SilverBar,6622000.0,6622000.0,6622000.0,6622000.0,108839,720731858000,38497064,30800,12285,80,30,212,6188790.0,6622000.0,6.9999
2026-01-29T00:00:00,1404/11/09,SilverBar,0,0,0,0,0,0,38497064,0,12285,80,0,0,6622000.0,6622000.0,0
2026-01-31T00:00:00,1404/11/11,SilverBar,6158460.0,6158460.0,6158460.0,6158460.0,88913,547567153980,38497074,10,12693,80,1395,62,6622000.0,6158460.0,-7
2026-02-01T00:00:00,1404/11/12,SilverBar,5727370.0,5727370.0,5727370.0,5727370.0,118128,676562763360,38500447,3373,12928,80,1533,228,6158460.0,5727370.0,-7
2026-02-02T00:00:00,1404/11/13,SilverBar,5326460.0,5326460.0,5326460.0,5326460.0,43393,231131078780,38500796,349,13082,80,904,44,5727370.0,5326460.0,-6.9999
2026-02-03T00:00:00,1404/11/14,SilverBar,5163700.0,5689990.0,5163700.0,5565950.0,368387,1998450784400,38580150,79354,13323,80,1993,581,5326460.0,5424868.0,1.8475
2026-02-04T00:00:00,1404/11/15,SilverBar,0,0,0,0,0,0,38580150,0,13323,80,0,0,5424868.0,5424868.0,0
2026-02-05T00:00:00,1404/11/16,SilverBar,0,0,0,0,0,0,38580150,0,13323,80,0,0,5424868.0,5424868.0,0
2026-02-07T00:00:00,1404/11/18,SilverBar,5045130.0,5200000.0,5045130.0,5150900.0,502352,2576402715990,38730590,150440,13428,80,1405,495,5424868.0,5128680.0,-5.4598
2026-02-08T00:00:00,1404/11/19,SilverBar,5319990.0,5445000.0,5210000.0,5319990.0,768859,4103158238060,39198246,467656,13636,80,1189,325,5128680.0,5336685.0,4.0557
2026-02-09T00:00:00,1404/11/20,SilverBar,5699910.0,5710250.0,5580000.0,5710250.0,1576583,8881261611090,40430025,1231779,13703,80,1007,414,5336685.0,5633234.0,5.5568
2026-02-10T00:00:00,1404/11/21,SilverBar,5800000.0,5800800.0,5600800.0,5690000.0,2015471,11517882980560,42265506,1835481,13825,79,1021,334,5633234.0,5714735.0,1.4468
2026-02-11T00:00:00,1404/11/22,SilverBar,0,0,0,0,0,0,42265506,0,13825,79,0,0,5714735.0,5714735.0,0
2026-02-12T00:00:00,1404/11/23,SilverBar,0,0,0,0,0,0,42265506,0,13825,79,0,0,5714735.0,5714735.0,0
2026-02-14T00:00:00,1404/11/25,SilverBar,5350000.0,5560000.0,5281190.0,5544900.0,1015539,5478858617640,43094497,828991,13838,80,797,366,5714735.0,5395025.0,-5.5945
2026-02-15T00:00:00,1404/11/26,SilverBar,5460000.0,5640000.0,5430000.0,5640000.0,1023210,5639750174850,43845877,751380,13869,80,608,285,5395025.0,5511821.0,2.1649
2026-02-16T00:00:00,1404/11/27,SilverBar,5500300.0,5559080.0,5452000.0,5473000.0,1086224,5985564667200,44738405,892528,13888,80,597,267,5511821.0,5510433.0,-0.0252
2026-02-17T00:00:00,1404/11/28,SilverBar,5414990.0,5414990.0,4959390.0,5056870.0,779716,3893377369880,45385547,647142,14071,80,1383,325,5510433.0,4993328.0,-9.3841
2026-02-18T00:00:00,1404/11/29,SilverBar,5200000.0,5289710.0,4830000.0,5030000.0,824626,4161544206280,45981796,596249,14200,80,832,187,4993328.0,5046584.0,1.0665
2026-02-19T00:00:00,1404/11/30,SilverBar,0,0,0,0,0,0,45981796,0,14200,80,0,0,5046584.0,5046584.0,0
2026-02-21T00:00:00,1404/12/02,SilverBar,5340000.0,5390000.0,5025000.0,5059920.0,787802,4068624083440,46613907,632111,14390,80,1238,232,5046584.0,5164526.0,2.3371
2026-02-22T00:00:00,1404/12/03,SilverBar,5130000.0,5130000.0,4950000.0,5100040.0,1271929,6411467172050,47669081,1055174,14483,80,1005,251,5164526.0,5040743.0,-2.3968
2026-02-23T00:00:00,1404/12/04,SilverBar,5114000.0,5289990.0,5050000.0,5275000.0,2202655,11384657539100,48456611,787530,14412,81,714,472,5040743.0,5168607.0,2.5366
2026-02-24T00:00:00,1404/12/05,SilverBar,5300000.0,5345480.0,5097010.0,5164950.0,2066754,10913577037950,49185802,729191,14449,81,832,306,5168607.0,5280540.0,2.1656
2026-02-25T00:00:00,1404/12/06,SilverBar,5330000.0,5399710.0,5165550.0,5187000.0,834649,4415882890660,49424916,239114,14477,81,968,303,5280540.0,5290707.0,0.1925
2026-02-26T00:00:00,1404/12/07,SilverBar,0,0,0,0,0,0,49424916,0,14477,81,0,0,5290707.0,5290707.0,0
2026-02-28T00:00:00,1404/12/09,SilverBar,0,0,0,0,0,0,49424916,0,14477,81,0,0,5290707.0,5290707.0,0
2026-03-01T00:00:00,1404/12/10,SilverBar,0,0,0,0,0,0,49424916,0,14477,81,0,0,5290707.0,5290707.0,0
2026-03-02T00:00:00,1404/12/11,SilverBar,0,0,0,0,0,0,49424916,0,14477,81,0,0,5290707.0,5290707.0,0
2026-03-03T00:00:00,1404/12/12,SilverBar,0,0,0,0,0,0,49424916,0,14477,81,0,0,5290707.0,5290707.0,0
2026-03-04T00:00:00,1404/12/13,SilverBar,0,0,0,0,0,0,49424916,0,14477,81,0,0,5290707.0,5290707.0,0
2026-03-05T00:00:00,1404/12/14,SilverBar,0,0,0,0,0,0,49424916,0,14477,81,0,0,5290707.0,5290707.0,0
2026-03-07T00:00:00,1404/12/16,SilverBar,0,0,0,0,0,0,49424916,0,14477,81,0,0,5290707.0,5290707.0,0
2026-03-08T00:00:00,1404/12/17,SilverBar,0,0,0,0,0,0,49424916,0,14477,81,0,0,5290707.0,5290707.0,0
2026-03-09T00:00:00,1404/12/18,SilverBar,0,0,0,0,0,0,49424916,0,14477,81,0,0,5290707.0,5290707.0,0
2026-03-10T00:00:00,1404/12/19,SilverBar,0,0,0,0,0,0,49424916,0,14477,81,0,0,5290707.0,5290707.0,0
2026-03-11T00:00:00,1404/12/20,SilverBar,0,0,0,0,0,0,49424916,0,14477,81,0,0,5290707.0,5290707.0,0
2026-03-12T00:00:00,1404/12/21,SilverBar,0,0,0,0,0,0,49424916,0,14477,81,0,0,5290707.0,5290707.0,0
2026-03-14T00:00:00,1404/12/23,SilverBar,0,0,0,0,0,0,49424916,0,14477,81,0,0,5290707.0,5290707.0,0
2026-03-15T00:00:00,1404/12/24,SilverBar,4761640.0,4761640.0,4761640.0,4761640.0,9006,42883329840,49424896,-20,14481,81,121,11,5290707.0,4761640.0,-9.9999
2026-03-16T00:00:00,1404/12/25,SilverBar,4285480.0,4285480.0,4285480.0,4285480.0,73221,313787131080,49431415,6519,14421,81,278,154,4761640.0,4285480.0,-9.9999
2026-03-17T00:00:00,1404/12/26,SilverBar,4110070.0,4494000.0,4110070.0,4494000.0,341303,1495078062840,49736968,305553,14430,81,379,144,4285480.0,4380501.0,2.2173
2026-03-18T00:00:00,1404/12/27,SilverBar,4520000.0,4749990.0,4520000.0,4700000.0,260055,1205591035700,49947627,210659,14399,81,285,137,4380501.0,4635908.0,5.8305
2026-03-19T00:00:00,1404/12/28,SilverBar,0,0,0,0,0,0,49947627,0,14399,81,0,0,4635908.0,4635908.0,0
2026-03-21T00:00:00,1405/01/01,SilverBar,0,0,0,0,0,0,49947627,0,14399,81,0,0,4635908.0,4635908.0,0
2026-03-22T00:00:00,1405/01/02,SilverBar,0,0,0,0,0,0,49947627,0,14399,81,0,0,4635908.0,4635908.0,0
2026-03-23T00:00:00,1405/01/03,SilverBar,0,0,0,0,0,0,49947627,0,14399,81,0,0,4635908.0,4635908.0,0
2026-03-24T00:00:00,1405/01/04,SilverBar,0,0,0,0,0,0,49947627,0,14399,81,0,0,4635908.0,4635908.0,0
2026-03-25T00:00:00,1405/01/05,SilverBar,4172330.0,4539880.0,4172330.0,4528540.0,62140,274557872000,49947603,-24,14349,81,169,163,4635908.0,4418376.0,-4.6923
2026-03-26T00:00:00,1405/01/06,SilverBar,0,0,0,0,0,0,49947603,0,14349,81,0,0,4418376.0,4418376.0,0
2026-03-28T00:00:00,1405/01/08,SilverBar,4444430.0,4521900.0,4444380.0,4468120.0,146146,650910055340,50061269,113666,14310,81,151,124,4418376.0,4453834.0,0.8025
2026-03-29T00:00:00,1405/01/09,SilverBar,4499850.0,4499850.0,4281740.0,4290210.0,320619,1384514792220,50077859,16590,14304,81,212,113,4453834.0,4318256.0,-3.0441
2026-03-30T00:00:00,1405/01/10,SilverBar,4200010.0,4200010.0,4082000.0,4091040.0,341878,1404964199350,50189394,111535,14289,81,290,135,4318256.0,4109548.0,-4.8332
2026-03-31T00:00:00,1405/01/11,SilverBar,4110900.0,4199830.0,4078010.0,4095980.0,417343,1712857319680,50411712,222318,14305,81,298,83,4109548.0,4104196.0,-0.1302
2026-04-01T00:00:00,1405/01/12,SilverBar,0,0,0,0,0,0,50411712,0,14305,81,0,0,4104196.0,4104196.0,0
2026-04-02T00:00:00,1405/01/13,SilverBar,0,0,0,0,0,0,50411712,0,14305,81,0,0,4104196.0,4104196.0,0
2026-04-04T00:00:00,1405/01/15,SilverBar,4080000.0,4210010.0,4000000.0,4100080.0,283153,1180413761300,50592285,180573,14281,81,266,181,4104196.0,4168820.0,1.5746
2026-04-05T00:00:00,1405/01/16,SilverBar,4060220.0,4149860.0,4040010.0,4050000.0,140161,571969995510,50602447,10162,14260,81,274,116,4168820.0,4080807.0,-2.1112
2026-04-06T00:00:00,1405/01/17,SilverBar,4090000.0,4090000.0,3972990.0,4000300.0,178235,710536138020,50690335,87888,14262,81,372,83,4080807.0,3986513.0,-2.3107
2026-04-07T00:00:00,1405/01/18,SilverBar,4020450.0,4284000.0,4020450.0,4150100.0,392058,1653838885540,50999192,308857,14248,81,227,140,3986513.0,4218353.0,5.8156
2026-04-08T00:00:00,1405/01/19,SilverBar,4160000.0,4259970.0,4160000.0,4211120.0,298024,1247681349340,51265360,266168,14255,81,246,98,4218353.0,4186513.0,-0.7548
2026-04-09T00:00:00,1405/01/20,SilverBar,0,0,0,0,0,0,51265360,0,14255,81,0,0,4186513.0,4186513.0,0
2026-04-11T00:00:00,1405/01/22,SilverBar,4181380.0,4181380.0,4085060.0,4091250.0,278504,1142095218280,51427239,161879,14247,81,331,123,4186513.0,4100822.0,-2.0468
2026-04-12T00:00:00,1405/01/23,SilverBar,4161000.0,4199790.0,4097000.0,4097000.0,315076,1295629871560,51640479,213240,14242,81,286,115,4100822.0,4112119.0,0.2755
2026-04-13T00:00:00,1405/01/24,SilverBar,4100000.0,4149240.0,3950000.0,3994410.0,278059,1132568287100,51881629,241150,14282,81,478,135,4112119.0,4073122.0,-0.9483
2026-04-14T00:00:00,1405/01/25,SilverBar,0,0,0,0,0,0,51881629,0,14282,81,0,0,4073122.0,4073122.0,0
2026-04-15T00:00:00,1405/01/26,SilverBar,4010050.0,4080000.0,3999010.0,3999560.0,425181,1706712232100,52266990,385361,14284,81,419,139,4073122.0,4014084.0,-1.4495
2026-04-16T00:00:00,1405/01/27,SilverBar,0,0,0,0,0,0,52266990,0,14284,81,0,0,4014084.0,4014084.0,0
2026-04-18T00:00:00,1405/01/29,SilverBar,4000000.0,4005700.0,3920360.0,3930000.0,310586,1230747344190,52545882,278892,14296,81,456,134,4014084.0,3962662.0,-1.281
2026-04-19T00:00:00,1405/01/30,SilverBar,4049990.0,4049990.0,3960020.0,4013450.0,495369,1986109326560,52964646,418764,14273,81,281,147,3962662.0,4009353.0,1.1783
2026-04-20T00:00:00,1405/01/31,SilverBar,4000000.0,4002900.0,3960000.0,3962000.0,390664,1561120918190,53310284,345638,14273,82,315,116,4009353.0,3996071.0,-0.3313
2026-04-21T00:00:00,1405/02/01,SilverBar,3980000.0,3999890.0,3960000.0,3988900.0,295245,1173066837240,53575095,264811,14268,82,303,97,3996071.0,3973198.0,-0.5724
2026-04-22T00:00:00,1405/02/02,SilverBar,4080870.0,4080870.0,3960010.0,3990000.0,439205,1748237734730,53951169,376074,14337,82,447,75,3973198.0,3980460.0,0.1828
2026-04-23T00:00:00,1405/02/03,SilverBar,0,0,0,0,0,0,53951169,0,14337,82,0,0,3980460.0,3980460.0,0
2026-04-25T00:00:00,1405/02/05,SilverBar,4000000.0,4000000.0,3940100.0,3945510.0,581636,2296682220150,54490959,539790,14386,82,551,123,3980460.0,3948659.0,-0.7989
2026-04-26T00:00:00,1405/02/06,SilverBar,3992000.0,4080000.0,3981200.0,4079970.0,773550,3109544977830,55182103,691144,14462,82,615,191,3948659.0,4019837.0,1.8026
2026-04-27T00:00:00,1405/02/07,SilverBar,4090000.0,4421820.0,4090000.0,4421820.0,609344,2684253576630,55758941,576838,14480,82,243,158,4019837.0,4405153.0,9.5854
2026-04-28T00:00:00,1405/02/08,SilverBar,4845660.0,4845660.0,4640000.0,4845660.0,1820063,8651593672910,57292675,1533734,14598,83,1053,430,4405153.0,4753458.0,7.9068
2026-04-29T00:00:00,1405/02/09,SilverBar,5228800.0,5228800.0,4862060.0,4864000.0,1398967,7276465394150,58362229,1069554,14720,83,1196,696,4753458.0,5201313.0,9.4217
2026-04-30T00:00:00,1405/02/10,SilverBar,0,0,0,0,0,0,58362229,0,14720,83,0,0,5201313.0,5201313.0,0
2026-05-02T00:00:00,1405/02/12,SilverBar,5205140.0,5390000.0,5000000.0,5119990.0,543191,2859257334620,58800602,438373,14949,83,1004,340,5201313.0,5263816.0,1.2017
2026-05-03T00:00:00,1405/02/13,SilverBar,5251310.0,5355000.0,5190290.0,5320000.0,1135584,5963624492730,59816146,1015544,15031,83,887,372,5263816.0,5251593.0,-0.2322
2026-05-04T00:00:00,1405/02/14,SilverBar,5171200.0,5227000.0,5105500.0,5200090.0,863121,4489312033800,60473215,657069,14966,83,646,404,5251593.0,5201255.0,-0.9585
2026-05-05T00:00:00,1405/02/15,SilverBar,5000000.0,5088790.0,4980000.0,5014970.0,435736,2183267400740,60732622,259407,15016,83,714,258,5201255.0,5010528.0,-3.6669
2026-05-06T00:00:00,1405/02/16,SilverBar,5099990.0,5220000.0,4949810.0,5039990.0,432460,2155360688730,61059680,327058,15052,83,667,307,5010528.0,4983954.0,-0.5304
2026-05-07T00:00:00,1405/02/17,SilverBar,0,0,0,0,0,0,61059680,0,15052,83,0,0,4983954.0,4983954.0,0
2026-05-09T00:00:00,1405/02/19,SilverBar,5220000.0,5220000.0,5079810.0,5169650.0,1073435,5501658824230,62061564,1001884,15209,83,761,262,4983954.0,5125284.0,2.8357
2026-05-10T00:00:00,1405/02/20,SilverBar,5230000.0,5230000.0,5029970.0,5041110.0,1076995,5501490178520,63074522,1012958,15382,83,965,204,5125284.0,5108185.0,-0.3336
2026-05-11T00:00:00,1405/02/21,SilverBar,5295000.0,5295000.0,5064020.0,5150800.0,707246,3645602357700,63712468,637946,15647,83,1190,265,5108185.0,5154645.0,0.9095
2026-05-12T00:00:00,1405/02/22,SilverBar,5298000.0,5307000.0,5200000.0,5200000.0,1309987,6914795802370,64879760,1167292,15752,83,938,435,5154645.0,5278522.0,2.4032
2026-05-13T00:00:00,1405/02/23,SilverBar,5299990.0,5806370.0,5280010.0,5805000.0,2348816,13364267862260,66663761,1784001,15442,83,813,1117,5278522.0,5689789.0,7.7913
2026-05-14T00:00:00,1405/02/24,SilverBar,0,0,0,0,0,0,66663761,0,15442,83,0,0,5689789.0,5689789.0,0
2026-05-16T00:00:00,1405/02/26,SilverBar,5280000.0,5429990.0,5227000.0,5424990.0,2067557,11088989623130,68473968,1810207,15647,84,1129,464,5689789.0,5363330.0,-5.7376
2026-05-17T00:00:00,1405/02/27,SilverBar,5400000.0,5490000.0,5325010.0,5446990.0,1289378,6992977133120,69634006,1160038,15726,83,693,362,5363330.0,5423528.0,1.1224
2026-05-18T00:00:00,1405/02/28,SilverBar,5415000.0,5509960.0,5370050.0,5420470.0,1222478,6662943371010,70291044,657038,15627,83,429,523,5423528.0,5450359.0,0.4947
2026-05-19T00:00:00,1405/02/29,SilverBar,5453500.0,5499970.0,5281100.0,5288910.0,1583006,8515375017910,71601615,1310571,15584,83,562,359,5450359.0,5379244.0,-1.3048
2026-05-20T00:00:00,1405/02/30,SilverBar,5302000.0,5390000.0,5230990.0,5272080.0,1032806,5416648439230,72544408,942793,15685,83,717,211,5379244.0,5244594.0,-2.5031
2026-05-21T00:00:00,1405/02/31,SilverBar,0,0,0,0,0,0,72544408,0,15685,83,0,0,5244594.0,5244594.0,0
2026-05-23T00:00:00,1405/03/02,SilverBar,5245300.0,5245300.0,5060000.0,5083000.0,950688,4877529084820,73211106,666698,15749,83,845,226,5244594.0,5130526.0,-2.175
2026-05-24T00:00:00,1405/03/03,SilverBar,4889000.0,5000000.0,4617480.0,4980150.0,1756159,8389726163130,74837082,1625976,15870,83,1346,357,5130526.0,4777316.0,-6.8845
2026-05-25T00:00:00,1405/03/04,SilverBar,5054120.0,5180000.0,4900000.0,4990000.0,2871562,14389049491770,75437031,599949,15941,83,750,324,4777316.0,5010879.0,4.889
2026-05-26T00:00:00,1405/03/05,SilverBar,5009990.0,5009990.0,4900000.0,4949970.0,1542433,7646339365880,76184834,747803,16020,84,624,150,5010879.0,4957324.0,-1.0688
2026-05-27T00:00:00,1405/03/06,SilverBar,0,0,0,0,0,0,76184834,0,16020,84,0,0,4957324.0,4957324.0,0
2026-05-28T00:00:00,1405/03/07,SilverBar,0,0,0,0,0,0,76184834,0,16020,84,0,0,4957324.0,4957324.0,0
2026-05-30T00:00:00,1405/03/09,SilverBar,4836520.0,4949950.0,4830000.0,4835240.0,2253833,11052242048000,77638130,1453296,16082,84,724,187,4957324.0,4903754.0,-1.0806
2026-05-31T00:00:00,1405/03/10,SilverBar,4850000.0,4870000.0,4760110.0,4820000.0,1488252,7174004435420,78636889,998759,16160,84,808,145,4903754.0,4820423.0,-1.6993
2026-06-01T00:00:00,1405/03/11,SilverBar,4900000.0,5039000.0,4890610.0,5037000.0,1244434,6145626772290,79652228,1015339,16200,85,601,217,4820423.0,4938492.0,2.4493
2026-06-02T00:00:00,1405/03/12,SilverBar,5020010.0,5028980.0,4950000.0,5000000.0,1439278,7211277795160,80792124,1139896,16255,85,486,162,4938492.0,5010344.0,1.4549
2026-06-03T00:00:00,1405/03/13,SilverBar,4950000.0,5049990.0,4950000.0,4974760.0,377329,1877046800920,81109197,317073,16305,85,548,133,5010344.0,4974563.0,-0.7141
2026-06-04T00:00:00,1405/03/14,SilverBar,0,0,0,0,0,0,81109197,0,16305,85,0,0,4974563.0,4974563.0,0
2026-06-06T00:00:00,1405/03/16,SilverBar,4700000.0,4700000.0,4477170.0,4520000.0,1199094,5442286513120,82227926,1118729,16608,85,1705,178,4974563.0,4538665.0,-8.7625
2026-06-07T00:00:00,1405/03/17,SilverBar,4530000.0,4809970.0,4530000.0,4800000.0,1279875,5877462865250,83403546,1175620,16640,85,723,270,4538665.0,4592216.0,1.1799
2026-06-08T00:00:00,1405/03/18,SilverBar,4629990.0,4732000.0,4520120.0,4630010.0,902999,4130445868610,84097263,693717,16708,85,646,177,4592216.0,4574142.0,-0.3936
2026-06-09T00:00:00,1405/03/19,SilverBar,4620000.0,4716720.0,4581000.0,4628000.0,812763,3802569151340,84829745,732482,16732,85,486,185,4574142.0,4678571.0,2.283
2026-06-10T00:00:00,1405/03/20,SilverBar,4490000.0,4565600.0,4370300.0,4390000.0,750568,3337779706440,85474919,645174,16940,85,1242,129,4678571.0,4447005.0,-4.9495
2026-06-11T00:00:00,1405/03/21,SilverBar,0,0,0,0,0,0,85474919,0,16940,85,0,0,4447005.0,4447005.0,0
2026-06-13T00:00:00,1405/03/23,SilverBar,4350000.0,4350000.0,4002310.0,4002350.0,458564,1909106529990,85686559,211640,17088,85,1384,227,4447005.0,4163228.0,-6.3813
2026-06-14T00:00:00,1405/03/24,SilverBar,4069890.0,4205840.0,4030000.0,4195860.0,1048695,4376689562670,86630812,944253,17394,85,1314,219,4163228.0,4173463.0,0.2458
2026-06-15T00:00:00,1405/03/25,SilverBar,4110000.0,4160000.0,4062530.0,4089950.0,897771,3689670445980,87478359,847547,17744,86,1654,188,4173463.0,4109812.0,-1.5251
2026-06-16T00:00:00,1405/03/26,SilverBar,4039970.0,4039970.0,3851220.0,3874940.0,717985,2818204723190,87805194,326835,17950,86,1561,157,4109812.0,3925158.0,-4.493
2026-06-17T00:00:00,1405/03/27,SilverBar,3900000.0,4050000.0,3879000.0,3890000.0,971661,3853731719170,88650594,845400,18196,86,1410,166,3925158.0,3966128.0,1.0438
2026-06-18T00:00:00,1405/03/28,SilverBar,0,0,0,0,0,0,88650594,0,18196,86,0,0,3966128.0,3966128.0,0
2026-06-20T00:00:00,1405/03/30,SilverBar,3995000.0,3999900.0,3811610.0,3856910.0,753533,2926966424560,89311350,660756,18403,86,1489,158,3966128.0,3884324.0,-2.0626
2026-06-21T00:00:00,1405/03/31,SilverBar,3865000.0,3865000.0,3640060.0,3645000.0,303096,1129190427820,89543395,232045,18566,86,1550,133,3884324.0,3725521.0,-4.0883
2026-06-22T00:00:00,1405/04/01,SilverBar,3750000.0,3799000.0,3710000.0,3748900.0,560384,2100881743860,90038275,494880,18676,86,917,118,3725521.0,3749004.0,0.6303
2026-06-23T00:00:00,1405/04/02,SilverBar,3606680.0,3738990.0,3606680.0,3700000.0,559425,2062474853740,90542074,503799,18769,86,1007,135,3749004.0,3686776.0,-1.6599
2026-06-24T00:00:00,1405/04/03,SilverBar,0,0,0,0,0,0,90542074,0,18769,86,0,0,3686776.0,3686776.0,0
2026-06-25T00:00:00,1405/04/04,SilverBar,0,0,0,0,0,0,90542074,0,18769,86,0,0,3686776.0,3686776.0,0
2026-06-27T00:00:00,1405/04/06,SilverBar,3700000.0,3764770.0,3640000.0,3660000.0,471700,1732617618270,90965780,423706,18883,87,1061,140,3686776.0,3673135.0,-0.37
2026-06-28T00:00:00,1405/04/07,SilverBar,3779760.0,3779760.0,3626000.0,3689990.0,898531,3326917449010,91813887,848107,19042,87,1261,100,3673135.0,3702618.0,0.8027
2026-06-29T00:00:00,1405/04/08,SilverBar,3700000.0,3700000.0,3532370.0,3560000.0,870599,3125795460060,92631569,817682,19132,87,1131,124,3702618.0,3590396.0,-3.0309
2026-06-30T00:00:00,1405/04/09,SilverBar,3589800.0,3590000.0,3526000.0,3540000.0,600032,2139731063620,93173129,541560,19264,87,1074,100,3590396.0,3566028.0,-0.6787
2026-07-01T00:00:00,1405/04/10,SilverBar,3626000.0,3678990.0,3612000.0,3650000.0,1054139,3845154750450,94152352,979223,19332,87,735,139,3566028.0,3647673.0,2.2895
2026-07-02T00:00:00,1405/04/11,SilverBar,0,0,0,0,0,0,94152352,0,19332,87,0,0,3647673.0,3647673.0,0
2026-07-04T00:00:00,1405/04/13,SilverBar,0,0,0,0,0,0,94152352,0,19332,87,0,0,3647673.0,3647673.0,0
2026-07-05T00:00:00,1405/04/14,SilverBar,0,0,0,0,0,0,94152352,0,19332,87,0,0,3647673.0,3647673.0,0
2026-07-06T00:00:00,1405/04/15,SilverBar,0,0,0,0,0,0,94152352,0,19332,87,0,0,3647673.0,3647673.0,0
2026-07-07T00:00:00,1405/04/16,SilverBar,3750000.0,3802240.0,3710000.0,3780000.0,543333,2056432655790,94621189,468837,19410,87,752,158,3647673.0,3784848.0,3.7606
2026-07-08T00:00:00,1405/04/17,SilverBar,3801000.0,3880000.0,3788020.0,3790430.0,454404,1736550357130,95019881,398692,19438,87,630,177,3784848.0,3821600.0,0.971
2026-07-09T00:00:00,1405/04/18,SilverBar,0,0,0,0,0,0,95019881,0,19438,87,0,0,3821600.0,3821600.0,0
2026-07-11T00:00:00,1405/04/20,SilverBar,3769990.0,3769990.0,3656020.0,3687340.0,538358,1982618734130,95475541,455660,19513,87,887,114,3821600.0,3682714.0,-3.6342
2026-07-12T00:00:00,1405/04/21,SilverBar,3710000.0,3719840.0,3660000.0,3710000.0,1059609,3908812710790,96414808,939267,19583,87,702,143,3682714.0,3688920.0,0.1685
2026-07-13T00:00:00,1405/04/22,SilverBar,3685210.0,3704950.0,3660010.0,3704700.0,995056,3667469549520,97279022,864214,19658,87,616,88,3688920.0,3685692.0,-0.0875
